username,datetime,message
025Parag,1201,SKILLS ISSUE
025Parag,2023-07-26T03:12:07Z,- 025Parag opened issue: [5083](https://github.com/hackforla/website/issues/5083) at 2023-07-25 08:12 PM PDT
025Parag,2023-07-26T04:04:18Z,- 025Parag assigned to issue: [5083](https://github.com/hackforla/website/issues/5083) at 2023-07-25 09:04 PM PDT
1anya1,1202,SKILLS ISSUE
1anya1,2022-02-16T03:52:37Z,- 1anya1 opened issue: [2784](https://github.com/hackforla/website/issues/2784) at 2022-02-15 07:52 PM PST
1anya1,2022-02-16T03:53:29Z,- 1anya1 assigned to issue: [2784](https://github.com/hackforla/website/issues/2784#issuecomment-1041075531) at 2022-02-15 07:53 PM PST
1anya1,2022-02-22T05:58:29Z,- 1anya1 assigned to issue: [2426](https://github.com/hackforla/website/issues/2426#event-6107553795) at 2022-02-21 09:58 PM PST
1anya1,2022-02-22T18:20:09Z,- 1anya1 commented on issue: [2426](https://github.com/hackforla/website/issues/2426#issuecomment-1048082507) at 2022-02-22 10:20 AM PST
1anya1,2022-02-22T19:08:58Z,- 1anya1 opened pull request: [2841](https://github.com/hackforla/website/pull/2841) at 2022-02-22 11:08 AM PST
1anya1,2022-02-23T18:19:13Z,- 1anya1 commented on issue: [2784](https://github.com/hackforla/website/issues/2784#issuecomment-1049074923) at 2022-02-23 10:19 AM PST
1anya1,2022-02-23T18:19:13Z,- 1anya1 closed issue as completed: [2784](https://github.com/hackforla/website/issues/2784#event-6127071683) at 2022-02-23 10:19 AM PST
1anya1,2022-02-23T18:27:53Z,- 1anya1 commented on pull request: [2841](https://github.com/hackforla/website/pull/2841#issuecomment-1049083029) at 2022-02-23 10:27 AM PST
1anya1,2022-02-23T18:35:52Z,- 1anya1 opened issue: [2876](https://github.com/hackforla/website/issues/2876) at 2022-02-23 10:35 AM PST
1anya1,2022-02-23T18:41:15Z,- 1anya1 opened issue: [2877](https://github.com/hackforla/website/issues/2877) at 2022-02-23 10:41 AM PST
1anya1,2022-02-23T18:45:17Z,- 1anya1 opened issue: [2878](https://github.com/hackforla/website/issues/2878) at 2022-02-23 10:45 AM PST
1anya1,2022-02-23T21:59:48Z,- 1anya1 pull request merged: [2841](https://github.com/hackforla/website/pull/2841#event-6128245660) at 2022-02-23 01:59 PM PST
1anya1,2022-02-23T22:26:24Z,- 1anya1 pull request merged: [2841](https://github.com/hackforla/website/pull/2841#event-6128369632) at 2022-02-23 02:26 PM PST
1anya1,2022-02-24T22:53:47Z,- 1anya1 assigned to issue: [2639](https://github.com/hackforla/website/issues/2639#issuecomment-1002020330) at 2022-02-24 02:53 PM PST
1anya1,2022-02-24T22:55:19Z,- 1anya1 commented on issue: [2639](https://github.com/hackforla/website/issues/2639#issuecomment-1050341886) at 2022-02-24 02:55 PM PST
1anya1,2022-02-24T23:38:39Z,- 1anya1 commented on issue: [2639](https://github.com/hackforla/website/issues/2639#issuecomment-1050366365) at 2022-02-24 03:38 PM PST
1anya1,2022-02-25T01:01:30Z,- 1anya1 commented on issue: [2639](https://github.com/hackforla/website/issues/2639#issuecomment-1050413909) at 2022-02-24 05:01 PM PST
1anya1,2022-02-25T07:17:48Z,- 1anya1 assigned to issue: [2715](https://github.com/hackforla/website/issues/2715#issuecomment-1050317245) at 2022-02-24 11:17 PM PST
1anya1,2022-02-25T07:18:51Z,- 1anya1 unassigned from issue: [2715](https://github.com/hackforla/website/issues/2715#issuecomment-1050317245) at 2022-02-24 11:18 PM PST
1anya1,2022-02-25T07:22:08Z,- 1anya1 assigned to issue: [2083](https://github.com/hackforla/website/issues/2083) at 2022-02-24 11:22 PM PST
1anya1,2022-02-25T07:28:24Z,- 1anya1 commented on issue: [2083](https://github.com/hackforla/website/issues/2083#issuecomment-1050603361) at 2022-02-24 11:28 PM PST
1anya1,2022-02-25T20:32:19Z,- 1anya1 commented on issue: [2083](https://github.com/hackforla/website/issues/2083#issuecomment-1051235922) at 2022-02-25 12:32 PM PST
1anya1,2022-02-25T21:45:06Z,- 1anya1 opened pull request: [2889](https://github.com/hackforla/website/pull/2889) at 2022-02-25 01:45 PM PST
1anya1,2022-02-25T21:56:22Z,- 1anya1 submitted pull request review: [2884](https://github.com/hackforla/website/pull/2884#pullrequestreview-894269644) at 2022-02-25 01:56 PM PST
1anya1,2022-02-25T23:55:47Z,- 1anya1 commented on issue: [2784](https://github.com/hackforla/website/issues/2784#issuecomment-1051380146) at 2022-02-25 03:55 PM PST
1anya1,2022-02-25T23:56:18Z,- 1anya1 commented on issue: [2083](https://github.com/hackforla/website/issues/2083#issuecomment-1051380386) at 2022-02-25 03:56 PM PST
1anya1,2022-02-26T01:28:24Z,- 1anya1 commented on issue: [2784](https://github.com/hackforla/website/issues/2784#issuecomment-1051421443) at 2022-02-25 05:28 PM PST
1anya1,2022-02-26T01:35:54Z,- 1anya1 commented on issue: [2784](https://github.com/hackforla/website/issues/2784#issuecomment-1051425915) at 2022-02-25 05:35 PM PST
1anya1,2022-02-26T01:35:55Z,- 1anya1 closed issue as completed: [2784](https://github.com/hackforla/website/issues/2784#event-6142719763) at 2022-02-25 05:35 PM PST
1anya1,2022-02-28T22:00:39Z,- 1anya1 pull request merged: [2889](https://github.com/hackforla/website/pull/2889#event-6157786966) at 2022-02-28 02:00 PM PST
1anya1,2022-03-10T22:09:47Z,- 1anya1 opened pull request: [2959](https://github.com/hackforla/website/pull/2959) at 2022-03-10 02:09 PM PST
1anya1,2022-03-11T21:28:30Z,- 1anya1 commented on pull request: [2959](https://github.com/hackforla/website/pull/2959#issuecomment-1065544117) at 2022-03-11 01:28 PM PST
1anya1,2022-03-11T21:28:30Z,- 1anya1 pull request closed w/o merging: [2959](https://github.com/hackforla/website/pull/2959#event-6227799041) at 2022-03-11 01:28 PM PST
1anya1,2022-03-11T21:36:30Z,- 1anya1 reopened pull request: [2959](https://github.com/hackforla/website/pull/2959#event-6227799041) at 2022-03-11 01:36 PM PST
1anya1,2022-03-11T21:37:58Z,- 1anya1 pull request closed w/o merging: [2959](https://github.com/hackforla/website/pull/2959#event-6227836609) at 2022-03-11 01:37 PM PST
1anya1,2022-03-11T21:48:43Z,- 1anya1 opened pull request: [2968](https://github.com/hackforla/website/pull/2968) at 2022-03-11 01:48 PM PST
1anya1,2022-03-11T21:51:23Z,- 1anya1 commented on pull request: [2968](https://github.com/hackforla/website/pull/2968#issuecomment-1065563988) at 2022-03-11 01:51 PM PST
1anya1,2022-03-11T22:03:27Z,- 1anya1 commented on pull request: [2959](https://github.com/hackforla/website/pull/2959#issuecomment-1065574348) at 2022-03-11 02:03 PM PST
1anya1,2022-03-11T22:58:04Z,- 1anya1 opened pull request: [2969](https://github.com/hackforla/website/pull/2969) at 2022-03-11 02:58 PM PST
1anya1,2022-03-11T23:12:31Z,- 1anya1 pull request closed w/o merging: [2968](https://github.com/hackforla/website/pull/2968#event-6228290847) at 2022-03-11 03:12 PM PST
1anya1,2022-03-11T23:17:57Z,- 1anya1 commented on pull request: [2969](https://github.com/hackforla/website/pull/2969#issuecomment-1065630947) at 2022-03-11 03:17 PM PST
1anya1,2022-03-15T05:06:43Z,- 1anya1 commented on pull request: [2969](https://github.com/hackforla/website/pull/2969#issuecomment-1067568474) at 2022-03-14 10:06 PM PDT
1anya1,2022-03-16T15:17:40Z,- 1anya1 pull request merged: [2969](https://github.com/hackforla/website/pull/2969#event-6251823726) at 2022-03-16 08:17 AM PDT
1anya1,2022-03-16T18:41:05Z,- 1anya1 assigned to issue: [2173](https://github.com/hackforla/website/issues/2173#issuecomment-1059945856) at 2022-03-16 11:41 AM PDT
1anya1,2022-03-16T18:42:49Z,- 1anya1 commented on issue: [2173](https://github.com/hackforla/website/issues/2173#issuecomment-1069455089) at 2022-03-16 11:42 AM PDT
1anya1,2022-03-24T21:07:58Z,- 1anya1 commented on issue: [2173](https://github.com/hackforla/website/issues/2173#issuecomment-1078307752) at 2022-03-24 02:07 PM PDT
1anya1,2022-03-24T21:09:59Z,- 1anya1 assigned to issue: [2961](https://github.com/hackforla/website/issues/2961#issuecomment-1064702747) at 2022-03-24 02:09 PM PDT
1anya1,2022-03-24T21:11:35Z,- 1anya1 commented on issue: [2961](https://github.com/hackforla/website/issues/2961#issuecomment-1078325146) at 2022-03-24 02:11 PM PDT
1anya1,2022-03-25T00:17:12Z,- 1anya1 unassigned from issue: [2961](https://github.com/hackforla/website/issues/2961#issuecomment-1078521786) at 2022-03-24 05:17 PM PDT
1anya1,2022-03-25T00:51:57Z,- 1anya1 closed issue by PR 2373: [2317](https://github.com/hackforla/website/issues/2317#event-6303840807) at 2022-03-24 05:51 PM PDT
1anya1,2022-03-28T22:10:08Z,- 1anya1 commented on pull request: [3020](https://github.com/hackforla/website/pull/3020#issuecomment-1081203183) at 2022-03-28 03:10 PM PDT
1anya1,2022-04-19T16:05:37Z,- 1anya1 commented on issue: [2173](https://github.com/hackforla/website/issues/2173#issuecomment-1102830499) at 2022-04-19 09:05 AM PDT
1bhavyasingh1,2023-04-14T09:29:39Z,- 1bhavyasingh1 commented on issue: [4514](https://github.com/hackforla/website/issues/4514#issuecomment-1508224290) at 2023-04-14 02:29 AM PDT
1bhavyasingh1,2023-04-14T09:32:21Z,- 1bhavyasingh1 opened pull request: [4515](https://github.com/hackforla/website/pull/4515) at 2023-04-14 02:32 AM PDT
1bhavyasingh1,2023-04-16T07:14:40Z,- 1bhavyasingh1 pull request closed w/o merging: [4515](https://github.com/hackforla/website/pull/4515#event-9015919244) at 2023-04-16 12:14 AM PDT
1x55,1203,SKILLS ISSUE
1x55,2023-08-30T04:06:42Z,- 1x55 opened issue: [5359](https://github.com/hackforla/website/issues/5359) at 2023-08-29 09:06 PM PDT
1x55,2023-08-30T04:08:55Z,- 1x55 assigned to issue: [5359](https://github.com/hackforla/website/issues/5359#issuecomment-1698456551) at 2023-08-29 09:08 PM PDT
5AIPAVAN,2024-10-11T17:10:05Z,- 5AIPAVAN commented on issue: [7585](https://github.com/hackforla/website/issues/7585#issuecomment-2407817637) at 2024-10-11 10:10 AM PDT
5amlim,1191,SKILLS ISSUE
5amlim,2023-07-18T01:55:57Z,- 5amlim opened issue: [4977](https://github.com/hackforla/website/issues/4977) at 2023-07-17 06:55 PM PDT
5amlim,2023-07-18T02:32:31Z,- 5amlim assigned to issue: [4977](https://github.com/hackforla/website/issues/4977) at 2023-07-17 07:32 PM PDT
