username,issue,node id,id,URL,skills
025Parag,5083,IC_kwDOB7-mp869FrzA,3172383936,https://github.com/hackforla/website/issues/5083,SKILLS ISSUE
1anya1,2784,IC_kwDOB7-mp869Fry9,3172383933,https://github.com/hackforla/website/issues/2784,SKILLS ISSUE
1x55,5359,IC_kwDOB7-mp869FrzC,3172383938,https://github.com/hackforla/website/issues/5359,SKILLS ISSUE
5amlim,4977,IC_kwDOB7-mp869Fry-,3172383934,https://github.com/hackforla/website/issues/4977,SKILLS ISSUE
8alpreet,7205,IC_kwDOB7-mp869FrzF,3172383941,https://github.com/hackforla/website/issues/7205,SKILLS ISSUE
93Belen,4631,IC_kwDOB7-mp869FrzG,3172383942,https://github.com/hackforla/website/issues/4631,SKILLS ISSUE
aadilahmed,4980,IC_kwDOB7-mp869FrzE,3172383940,https://github.com/hackforla/website/issues/4980,SKILLS ISSUE
aahx,4612,IC_kwDOB7-mp869FuXI,3172394440,https://github.com/hackforla/website/issues/4612,SKILLS ISSUE
aaronweixiangli,4165,IC_kwDOB7-mp869FuW-,3172394430,https://github.com/hackforla/website/issues/4165,SKILLS ISSUE
abdiaz2018,3508,IC_kwDOB7-mp869FuXU,3172394452,https://github.com/hackforla/website/issues/3508,SKILLS ISSUE
A-BMT02,2839,IC_kwDOB7-mp869FrzH,3172383943,https://github.com/hackforla/website/issues/2839,SKILLS ISSUE
Abrosss,3919,IC_kwDOB7-mp869FuXC,3172394434,https://github.com/hackforla/website/issues/3919,SKILLS ISSUE
aconstas,6339,IC_kwDOB7-mp869FuXF,3172394437,https://github.com/hackforla/website/issues/6339,SKILLS ISSUE
acterin,7828,IC_kwDOB7-mp869FuXG,3172394438,https://github.com/hackforla/website/issues/7828,SKILLS ISSUE
Adaakal,3782,IC_kwDOB7-mp869FuXg,3172394464,https://github.com/hackforla/website/issues/3782,SKILLS ISSUE
Adastros,3685,IC_kwDOB7-mp869Hl3R,3172883921,https://github.com/hackforla/website/issues/3685,SKILLS ISSUE
adeoyevictor,5480,IC_kwDOB7-mp869FuW5,3172394425,https://github.com/hackforla/website/issues/5480,SKILLS ISSUE
adevlinb,4171,IC_kwDOB7-mp869FuXA,3172394432,https://github.com/hackforla/website/issues/4171,SKILLS ISSUE
ADITYAS1000,6882,IC_kwDOB7-mp869FuXQ,3172394448,https://github.com/hackforla/website/issues/6882,SKILLS ISSUE
adom2128,6244,IC_kwDOB7-mp869FuW7,3172394427,https://github.com/hackforla/website/issues/6244,SKILLS ISSUE
adrianang,4718,IC_kwDOB7-mp869Hl3Z,3172883929,https://github.com/hackforla/website/issues/4718,SKILLS ISSUE
agosmou,3787,IC_kwDOB7-mp869FuXN,3172394445,https://github.com/hackforla/website/issues/3787,SKILLS ISSUE
aguilar-victor,8007,IC_kwDOB7-mp869Hl3I,3172883912,https://github.com/hackforla/website/issues/8007,SKILLS ISSUE
agutiernc,4984,IC_kwDOB7-mp869Hl3U,3172883924,https://github.com/hackforla/website/issues/4984,SKILLS ISSUE
AHP15,4625,IC_kwDOB7-mp869FuWZ,3172394393,https://github.com/hackforla/website/issues/4625,SKILLS ISSUE
aidanwsimmons,5722,IC_kwDOB7-mp869Hl3V,3172883925,https://github.com/hackforla/website/issues/5722,SKILLS ISSUE
aidenjlee4321,6028,IC_kwDOB7-mp869FuXT,3172394451,https://github.com/hackforla/website/issues/6028,SKILLS ISSUE
aidenshaw07,5230,IC_kwDOB7-mp869FuXX,3172394455,https://github.com/hackforla/website/issues/5230,SKILLS ISSUE
ajb176,5232,IC_kwDOB7-mp869Hl3d,3172883933,https://github.com/hackforla/website/issues/5232,SKILLS ISSUE
aksanna,3380,IC_kwDOB7-mp869Hl3M,3172883916,https://github.com/hackforla/website/issues/3380,SKILLS ISSUE
alabador,7019,IC_kwDOB7-mp869FuXS,3172394450,https://github.com/hackforla/website/issues/7019,SKILLS ISSUE
alan-zambrano,3127,IC_kwDOB7-mp869Hl3P,3172883919,https://github.com/hackforla/website/issues/3127,SKILLS ISSUE
alfredo-mejia,3054,IC_kwDOB7-mp869FuXB,3172394433,https://github.com/hackforla/website/issues/3054,SKILLS ISSUE
alice-milmac,3379,IC_kwDOB7-mp869Hl3T,3172883923,https://github.com/hackforla/website/issues/3379,SKILLS ISSUE
allanjlopez,7520,IC_kwDOB7-mp869Hl3J,3172883913,https://github.com/hackforla/website/issues/7520,SKILLS ISSUE
allison-truhlar,5213,IC_kwDOB7-mp869FuWm,3172394406,https://github.com/hackforla/website/issues/5213,SKILLS ISSUE
AllMikeNoIke,8132,IC_kwDOB7-mp869FuXf,3172394463,https://github.com/hackforla/website/issues/8132,SKILLS ISSUE
Alsuang,4069,IC_kwDOB7-mp869FuXd,3172394461,https://github.com/hackforla/website/issues/4069,SKILLS ISSUE
amandaputney,5863,IC_kwDOB7-mp869FuXY,3172394456,https://github.com/hackforla/website/issues/5863,SKILLS ISSUE
amath95,4337,IC_kwDOB7-mp869FuWg,3172394400,https://github.com/hackforla/website/issues/4337,SKILLS ISSUE
Anahisv23,5778,IC_kwDOB7-mp869Hl3Q,3172883920,https://github.com/hackforla/website/issues/5778,SKILLS ISSUE
andrea264,8098,IC_kwDOB7-mp869FuWX,3172394391,https://github.com/hackforla/website/issues/8098,SKILLS ISSUE
andyarensman,3970,IC_kwDOB7-mp869FuWo,3172394408,https://github.com/hackforla/website/issues/3970,SKILLS ISSUE
AndyB909,4617,IC_kwDOB7-mp869FuWP,3172394383,https://github.com/hackforla/website/issues/4617,SKILLS ISSUE
andyphancode,6875,IC_kwDOB7-mp869FuW2,3172394422,https://github.com/hackforla/website/issues/6875,SKILLS ISSUE
andyvu923,8028,IC_kwDOB7-mp869FuWf,3172394399,https://github.com/hackforla/website/issues/8028,SKILLS ISSUE
angela-lee1,5776,IC_kwDOB7-mp869FuWu,3172394414,https://github.com/hackforla/website/issues/5776,SKILLS ISSUE
angelenelm,3708,IC_kwDOB7-mp869FuWl,3172394405,https://github.com/hackforla/website/issues/3708,SKILLS ISSUE
angietechcafe,3187,IC_kwDOB7-mp869FuWr,3172394411,https://github.com/hackforla/website/issues/3187,SKILLS ISSUE
angieyan,3813,IC_kwDOB7-mp869FuWz,3172394419,https://github.com/hackforla/website/issues/3813,SKILLS ISSUE
angkitha,7837,IC_kwDOB7-mp869FuWW,3172394390,https://github.com/hackforla/website/issues/7837,SKILLS ISSUE
anh628,5605,IC_kwDOB7-mp869FuWU,3172394388,https://github.com/hackforla/website/issues/5605,SKILLS ISSUE
annierm18,3709,IC_kwDOB7-mp869FuWR,3172394385,https://github.com/hackforla/website/issues/3709,SKILLS ISSUE
answebdev,2782,IC_kwDOB7-mp869FuXR,3172394449,https://github.com/hackforla/website/issues/2782,SKILLS ISSUE
anthonylo87,4316,IC_kwDOB7-mp869FuWp,3172394409,https://github.com/hackforla/website/issues/4316,SKILLS ISSUE
anthonypz,4616,IC_kwDOB7-mp869FuWw,3172394416,https://github.com/hackforla/website/issues/4616,SKILLS ISSUE
anthonysim,2521,IC_kwDOB7-mp869FuWk,3172394404,https://github.com/hackforla/website/issues/2521,SKILLS ISSUE
antho-zng,5349,IC_kwDOB7-mp869FuWi,3172394402,https://github.com/hackforla/website/issues/5349,SKILLS ISSUE
aqandrew,6429,IC_kwDOB7-mp869FuWs,3172394412,https://github.com/hackforla/website/issues/6429,SKILLS ISSUE
aramattamara,5559,IC_kwDOB7-mp869FuW0,3172394420,https://github.com/hackforla/website/issues/5559,SKILLS ISSUE
arcan9,4066,IC_kwDOB7-mp869Hl3Y,3172883928,https://github.com/hackforla/website/issues/4066,SKILLS ISSUE
ArchilChovatiya,5081,IC_kwDOB7-mp869FuWS,3172394386,https://github.com/hackforla/website/issues/5081,SKILLS ISSUE
arfgit,4313,IC_kwDOB7-mp869FuWT,3172394387,https://github.com/hackforla/website/issues/4313,SKILLS ISSUE
AricayaJohn,8138,IC_kwDOB7-mp869FuWy,3172394418,https://github.com/hackforla/website/issues/8138,SKILLS ISSUE
aricforrest,3541,IC_kwDOB7-mp869FuW_,3172394431,https://github.com/hackforla/website/issues/3541,SKILLS ISSUE
ariellockett2,8005,IC_kwDOB7-mp869FuXL,3172394443,https://github.com/hackforla/website/issues/8005,SKILLS ISSUE
arora-aryan,3981,IC_kwDOB7-mp869FuWa,3172394394,https://github.com/hackforla/website/issues/3981,SKILLS ISSUE
arpitapandya,3152,IC_kwDOB7-mp869Hl3c,3172883932,https://github.com/hackforla/website/issues/3152,SKILLS ISSUE
ArshiaZargarani,5072,IC_kwDOB7-mp869FuWj,3172394403,https://github.com/hackforla/website/issues/5072,SKILLS ISSUE
ArtinNazarian,6418,IC_kwDOB7-mp869FuWt,3172394413,https://github.com/hackforla/website/issues/6418,SKILLS ISSUE
a-sana,6413,IC_kwDOB7-mp869Fry_,3172383935,https://github.com/hackforla/website/issues/6413,SKILLS ISSUE
AsherEngelberg,3268,IC_kwDOB7-mp869FuWe,3172394398,https://github.com/hackforla/website/issues/3268,SKILLS ISSUE
aswutmaxcy,6424,IC_kwDOB7-mp869FuW1,3172394421,https://github.com/hackforla/website/issues/6424,SKILLS ISSUE
atbalaji,6119,IC_kwDOB7-mp869FuWQ,3172394384,https://github.com/hackforla/website/issues/6119,SKILLS ISSUE
a-t-klein,5074,IC_kwDOB7-mp869FrzD,3172383939,https://github.com/hackforla/website/issues/5074,SKILLS ISSUE
attali-david,3509,IC_kwDOB7-mp869Hl3K,3172883914,https://github.com/hackforla/website/issues/3509,SKILLS ISSUE
AudreyRose-Wooden,5210,IC_kwDOB7-mp869FuWn,3172394407,https://github.com/hackforla/website/issues/5210,SKILLS ISSUE
augustocerdeira,4720,IC_kwDOB7-mp869FuWb,3172394395,https://github.com/hackforla/website/issues/4720,SKILLS ISSUE
Autisticturtle3,5606,IC_kwDOB7-mp869Hl3L,3172883915,https://github.com/hackforla/website/issues/5606,SKILLS ISSUE
awellsbiz,5089,IC_kwDOB7-mp869Hl3N,3172883917,https://github.com/hackforla/website/issues/5089,SKILLS ISSUE
A-Wu5,5479,IC_kwDOB7-mp869FrzB,3172383937,https://github.com/hackforla/website/issues/5479,SKILLS ISSUE
aymeviviana,8272,IC_kwDOB7-mp86_ptjq,3215382762,https://github.com/hackforla/website/issues/8272,SKILLS ISSUE
Ayrh1,6342,IC_kwDOB7-mp869FuXW,3172394454,https://github.com/hackforla/website/issues/6342,SKILLS ISSUE
aysung8191,5084,IC_kwDOB7-mp869FuWV,3172394389,https://github.com/hackforla/website/issues/5084,SKILLS ISSUE
AzaniaBG,3554,IC_kwDOB7-mp869FuW6,3172394426,https://github.com/hackforla/website/issues/3554,SKILLS ISSUE
Beatriz-G,6530,IC_kwDOB7-mp869FuWc,3172394396,https://github.com/hackforla/website/issues/6530,SKILLS ISSUE
BeckettOBrien,3267,IC_kwDOB7-mp869Hl3a,3172883930,https://github.com/hackforla/website/issues/3267,SKILLS ISSUE
belunatic,7699,IC_kwDOB7-mp869FuXe,3172394462,https://github.com/hackforla/website/issues/7699,SKILLS ISSUE
bexux,7206,IC_kwDOB7-mp869FuW8,3172394428,https://github.com/hackforla/website/issues/7206,SKILLS ISSUE
BlakePeters99,7694,IC_kwDOB7-mp869FuWh,3172394401,https://github.com/hackforla/website/issues/7694,SKILLS ISSUE
blaycoder,5500,IC_kwDOB7-mp869FuXZ,3172394457,https://github.com/hackforla/website/issues/5500,SKILLS ISSUE
bluechocolate2019,4969,IC_kwDOB7-mp869FuXD,3172394435,https://github.com/hackforla/website/issues/4969,SKILLS ISSUE
blulady,2683,IC_kwDOB7-mp869Hl3g,3172883936,https://github.com/hackforla/website/issues/2683,SKILLS ISSUE
bofadev,7838,IC_kwDOB7-mp869FuWq,3172394410,https://github.com/hackforla/website/issues/7838,SKILLS ISSUE
bootcamp-brian,3912,IC_kwDOB7-mp869Hl3X,3172883927,https://github.com/hackforla/website/issues/3912,SKILLS ISSUE
bphan002,4060,IC_kwDOB7-mp869FuXM,3172394444,https://github.com/hackforla/website/issues/4060,SKILLS ISSUE
braguda,3406,IC_kwDOB7-mp869FuXV,3172394453,https://github.com/hackforla/website/issues/3406,SKILLS ISSUE
Brandoncyu,7331,IC_kwDOB7-mp869FuWY,3172394392,https://github.com/hackforla/website/issues/7331,SKILLS ISSUE
Brayheart,6345,IC_kwDOB7-mp869FuXE,3172394436,https://github.com/hackforla/website/issues/6345,SKILLS ISSUE
BrianCodes33,2717,IC_kwDOB7-mp869FuXK,3172394442,https://github.com/hackforla/website/issues/2717,SKILLS ISSUE
brianf4,3831,IC_kwDOB7-mp869FuXP,3172394447,https://github.com/hackforla/website/issues/3831,SKILLS ISSUE
brianhjoo,5094,IC_kwDOB7-mp869FuWv,3172394415,https://github.com/hackforla/website/issues/5094,SKILLS ISSUE
briip,6603,IC_kwDOB7-mp869FuWd,3172394397,https://github.com/hackforla/website/issues/6603,SKILLS ISSUE
buneeIsSlo,6956,IC_kwDOB7-mp869FuW9,3172394429,https://github.com/hackforla/website/issues/6956,SKILLS ISSUE
bzzz-coding,3784,IC_kwDOB7-mp869Hl3b,3172883931,https://github.com/hackforla/website/issues/3784,SKILLS ISSUE
callmelazarus,4160,IC_kwDOB7-mp869FuW3,3172394423,https://github.com/hackforla/website/issues/4160,SKILLS ISSUE
CalvinTan607,3389,IC_kwDOB7-mp869FuXb,3172394459,https://github.com/hackforla/website/issues/3389,SKILLS ISSUE
Carlos-A-P,2753,IC_kwDOB7-mp869FuXJ,3172394441,https://github.com/hackforla/website/issues/2753,SKILLS ISSUE
carlosm22700,6338,IC_kwDOB7-mp869FuXH,3172394439,https://github.com/hackforla/website/issues/6338,SKILLS ISSUE
carolemlago,3543,IC_kwDOB7-mp869FuXc,3172394460,https://github.com/hackforla/website/issues/3543,SKILLS ISSUE
caz002,8128,IC_kwDOB7-mp869HmX0,3172886004,https://github.com/hackforla/website/issues/8128,SKILLS ISSUE
ccelest1,5355,IC_kwDOB7-mp869HmXx,3172886001,https://github.com/hackforla/website/issues/5355,SKILLS ISSUE
cchrizzle,6950,IC_kwDOB7-mp869HmX3,3172886007,https://github.com/hackforla/website/issues/6950,SKILLS ISSUE
ccortega2023,3783,IC_kwDOB7-mp869HmX8,3172886012,https://github.com/hackforla/website/issues/3783,SKILLS ISSUE
celinalou92,5217,IC_kwDOB7-mp869HmX5,3172886009,https://github.com/hackforla/website/issues/5217,SKILLS ISSUE
cflemmonds,6830,IC_kwDOB7-mp869HmXy,3172886002,https://github.com/hackforla/website/issues/6830,SKILLS ISSUE
charliepsheppard,5484,IC_kwDOB7-mp869HmXz,3172886003,https://github.com/hackforla/website/issues/5484,SKILLS ISSUE
ChrisKildunne,5864,IC_kwDOB7-mp869HmX4,3172886008,https://github.com/hackforla/website/issues/5864,SKILLS ISSUE
Chrisklangley,5729,IC_kwDOB7-mp869HmYS,3172886034,https://github.com/hackforla/website/issues/5729,SKILLS ISSUE
chrismenke45,3828,IC_kwDOB7-mp869HmYb,3172886043,https://github.com/hackforla/website/issues/3828,SKILLS ISSUE
christinaor,3827,IC_kwDOB7-mp869HmYZ,3172886041,https://github.com/hackforla/website/issues/3827,SKILLS ISSUE
Christopher-Chhim,7889,IC_kwDOB7-mp869HmYB,3172886017,https://github.com/hackforla/website/issues/7889,SKILLS ISSUE
chrjl,7426,IC_kwDOB7-mp869HmYK,3172886026,https://github.com/hackforla/website/issues/7426,SKILLS ISSUE
Claudiahamilton-png,3051,IC_kwDOB7-mp869HmYM,3172886028,https://github.com/hackforla/website/issues/3051,SKILLS ISSUE
clayton1111,3266,IC_kwDOB7-mp869HmYO,3172886030,https://github.com/hackforla/website/issues/3266,SKILLS ISSUE
Cloid,6599,IC_kwDOB7-mp869HmYR,3172886033,https://github.com/hackforla/website/issues/6599,SKILLS ISSUE
clydeautin,7692,IC_kwDOB7-mp869HmYi,3172886050,https://github.com/hackforla/website/issues/7692,SKILLS ISSUE
cmedina-dev,4317,IC_kwDOB7-mp869HmYT,3172886035,https://github.com/hackforla/website/issues/4317,SKILLS ISSUE
cng008,4319,IC_kwDOB7-mp869HmYG,3172886022,https://github.com/hackforla/website/issues/4319,SKILLS ISSUE
codessi,2747,IC_kwDOB7-mp869HmYE,3172886020,https://github.com/hackforla/website/issues/2747,SKILLS ISSUE
codinghorizons,4075,IC_kwDOB7-mp869HmX2,3172886006,https://github.com/hackforla/website/issues/4075,SKILLS ISSUE
coding-yost,6038,IC_kwDOB7-mp869HmYC,3172886018,https://github.com/hackforla/website/issues/6038,SKILLS ISSUE
codyjohnsontx,7697,IC_kwDOB7-mp869HmYc,3172886044,https://github.com/hackforla/website/issues/7697,SKILLS ISSUE
codyyjxn,7219,IC_kwDOB7-mp869HmY5,3172886073,https://github.com/hackforla/website/issues/7219,SKILLS ISSUE
ColinBeuttler,7027,IC_kwDOB7-mp869HmX1,3172886005,https://github.com/hackforla/website/issues/7027,SKILLS ISSUE
colin-macrae,5782,IC_kwDOB7-mp869HmYI,3172886024,https://github.com/hackforla/website/issues/5782,SKILLS ISSUE
connortessaro,5351,IC_kwDOB7-mp869HmX6,3172886010,https://github.com/hackforla/website/issues/5351,SKILLS ISSUE
ControlAltTea,3829,IC_kwDOB7-mp869HmYD,3172886019,https://github.com/hackforla/website/issues/3829,SKILLS ISSUE
crachal,4315,IC_kwDOB7-mp869HmYJ,3172886025,https://github.com/hackforla/website/issues/4315,SKILLS ISSUE
CreslinDev,7519,IC_kwDOB7-mp869HmX7,3172886011,https://github.com/hackforla/website/issues/7519,SKILLS ISSUE
cristinadz,4325,IC_kwDOB7-mp869HmX-,3172886014,https://github.com/hackforla/website/issues/4325,SKILLS ISSUE
Crocodile-Lyle,7967,IC_kwDOB7-mp869HmX9,3172886013,https://github.com/hackforla/website/issues/7967,SKILLS ISSUE
c-rose-g,6945,IC_kwDOB7-mp869FuWx,3172394417,https://github.com/hackforla/website/issues/6945,SKILLS ISSUE
crystallyyy,5357,IC_kwDOB7-mp869HmYN,3172886029,https://github.com/hackforla/website/issues/5357,SKILLS ISSUE
crystalogy,6954,IC_kwDOB7-mp869HmYf,3172886047,https://github.com/hackforla/website/issues/6954,SKILLS ISSUE
curbeammonae,6881,IC_kwDOB7-mp869HmYW,3172886038,https://github.com/hackforla/website/issues/6881,SKILLS ISSUE
curtis-chung,4310,IC_kwDOB7-mp869HmY7,3172886075,https://github.com/hackforla/website/issues/4310,SKILLS ISSUE
cwvivianlin,2951,IC_kwDOB7-mp869HmYA,3172886016,https://github.com/hackforla/website/issues/2951,SKILLS ISSUE
Daanesh,8269,IC_kwDOB7-mp86_ptHd,3215380957,https://github.com/hackforla/website/issues/8269,SKILLS ISSUE
DABSOLUTERRITORY,6425,IC_kwDOB7-mp869HmYQ,3172886032,https://github.com/hackforla/website/issues/6425,SKILLS ISSUE
dakahn93,4626,IC_kwDOB7-mp869HmX_,3172886015,https://github.com/hackforla/website/issues/4626,SKILLS ISSUE
DakuwoN,7593,IC_kwDOB7-mp869HmYr,3172886059,https://github.com/hackforla/website/issues/7593,SKILLS ISSUE
danajeon,6526,IC_kwDOB7-mp869HmYo,3172886056,https://github.com/hackforla/website/issues/6526,SKILLS ISSUE
danielmshawn,5211,IC_kwDOB7-mp869HmYH,3172886023,https://github.com/hackforla/website/issues/5211,SKILLS ISSUE
dantor09,5727,IC_kwDOB7-mp869HmYF,3172886021,https://github.com/hackforla/website/issues/5727,SKILLS ISSUE
danvgar,6032,IC_kwDOB7-mp869HmYg,3172886048,https://github.com/hackforla/website/issues/6032,SKILLS ISSUE
daras-cu,6948,IC_kwDOB7-mp869HmZB,3172886081,https://github.com/hackforla/website/issues/6948,SKILLS ISSUE
Dartis4,6597,IC_kwDOB7-mp869HmYh,3172886049,https://github.com/hackforla/website/issues/6597,SKILLS ISSUE
das-mittel,6040,IC_kwDOB7-mp869HmYd,3172886045,https://github.com/hackforla/website/issues/6040,SKILLS ISSUE
davidwiese,5070,IC_kwDOB7-mp869HmYq,3172886058,https://github.com/hackforla/website/issues/5070,SKILLS ISSUE
dcotelessa,6879,IC_kwDOB7-mp869HmYu,3172886062,https://github.com/hackforla/website/issues/6879,SKILLS ISSUE
DDVVPP,7885,IC_kwDOB7-mp869HmYm,3172886054,https://github.com/hackforla/website/issues/7885,SKILLS ISSUE
deepak-getpu,6727,IC_kwDOB7-mp869HmYk,3172886052,https://github.com/hackforla/website/issues/6727,SKILLS ISSUE
del9ra,6716,IC_kwDOB7-mp869HmYx,3172886065,https://github.com/hackforla/website/issues/6716,SKILLS ISSUE
delaradaryaei,6600,IC_kwDOB7-mp869HmYX,3172886039,https://github.com/hackforla/website/issues/6600,SKILLS ISSUE
DeniseLewis1,6525,IC_kwDOB7-mp869HmYs,3172886060,https://github.com/hackforla/website/issues/6525,SKILLS ISSUE
DeviantSchemist,4987,IC_kwDOB7-mp869HmYt,3172886061,https://github.com/hackforla/website/issues/4987,SKILLS ISSUE
DevRishiJain,4627,IC_kwDOB7-mp869HmY6,3172886074,https://github.com/hackforla/website/issues/4627,SKILLS ISSUE
devxed43,8295,IC_kwDOB7-mp87BGh9q,,https://github.com/hackforla/website/issues/8295,SKILLS ISSUE
DexinJ,7020,IC_kwDOB7-mp869HmYL,3172886027,https://github.com/hackforla/website/issues/7020,SKILLS ISSUE
dheerajkoppu,5207,IC_kwDOB7-mp869HmYY,3172886040,https://github.com/hackforla/website/issues/5207,SKILLS ISSUE
dimiprousalis,5867,IC_kwDOB7-mp869HmYe,3172886046,https://github.com/hackforla/website/issues/5867,SKILLS ISSUE
dineshsk98,5536,IC_kwDOB7-mp869HmYa,3172886042,https://github.com/hackforla/website/issues/5536,SKILLS ISSUE
dionw412,2917,IC_kwDOB7-mp869HmYP,3172886031,https://github.com/hackforla/website/issues/2917,SKILLS ISSUE
djbradleyii,5875,IC_kwDOB7-mp869HmYl,3172886053,https://github.com/hackforla/website/issues/5875,SKILLS ISSUE
DmitriiTsy,3606,IC_kwDOB7-mp869HmYp,3172886057,https://github.com/hackforla/website/issues/3606,SKILLS ISSUE
dmuoio,5221,IC_kwDOB7-mp869HmY1,3172886069,https://github.com/hackforla/website/issues/5221,SKILLS ISSUE
DomenicScozz,5218,IC_kwDOB7-mp869HmYw,3172886064,https://github.com/hackforla/website/issues/5218,SKILLS ISSUE
DonaldBrower,3188,IC_kwDOB7-mp869HmY2,3172886070,https://github.com/hackforla/website/issues/3188,SKILLS ISSUE
DorianDeptuch,5092,IC_kwDOB7-mp869HmY8,3172886076,https://github.com/hackforla/website/issues/5092,SKILLS ISSUE
d-perez-8,3388,IC_kwDOB7-mp869HmYy,3172886066,https://github.com/hackforla/website/issues/3388,SKILLS ISSUE
Dprosser4,4711,IC_kwDOB7-mp869HmYz,3172886067,https://github.com/hackforla/website/issues/4711,SKILLS ISSUE
DrAcula27,6598,IC_kwDOB7-mp869HmZA,3172886080,https://github.com/hackforla/website/issues/6598,SKILLS ISSUE
drakenguyen4000,4174,IC_kwDOB7-mp869HmY9,3172886077,https://github.com/hackforla/website/issues/4174,SKILLS ISSUE
duojet2ez,6037,IC_kwDOB7-mp869HmYj,3172886051,https://github.com/hackforla/website/issues/6037,SKILLS ISSUE
dustinowen,5724,IC_kwDOB7-mp869HmY0,3172886068,https://github.com/hackforla/website/issues/5724,SKILLS ISSUE
dvernon5,7745,IC_kwDOB7-mp869HmY_,3172886079,https://github.com/hackforla/website/issues/7745,SKILLS ISSUE
eburdekin,6331,IC_kwDOB7-mp869HmYn,3172886055,https://github.com/hackforla/website/issues/6331,SKILLS ISSUE
EdASalazar,4336,IC_kwDOB7-mp869HmYv,3172886063,https://github.com/hackforla/website/issues/4336,SKILLS ISSUE
Eddysunday012,7836,IC_kwDOB7-mp869HrQS,3172906002,https://github.com/hackforla/website/issues/7836,SKILLS ISSUE
edwarddim,8137,IC_kwDOB7-mp869HrQA,3172905984,https://github.com/hackforla/website/issues/8137,SKILLS ISSUE
efranzener,5226,IC_kwDOB7-mp869HrQK,3172905994,https://github.com/hackforla/website/issues/5226,SKILLS ISSUE
elisetvy,6601,IC_kwDOB7-mp869HrQT,3172906003,https://github.com/hackforla/website/issues/6601,SKILLS ISSUE
EllenKellyb,3777,IC_kwDOB7-mp869HrQF,3172905989,https://github.com/hackforla/website/issues/3777,SKILLS ISSUE
elliot-d-kim,6117,IC_kwDOB7-mp869HrQD,3172905987,https://github.com/hackforla/website/issues/6117,SKILLS ISSUE
elseclc,7064,IC_kwDOB7-mp869HrQE,3172905988,https://github.com/hackforla/website/issues/7064,SKILLS ISSUE
elsong86,6942,IC_kwDOB7-mp869HrQV,3172906005,https://github.com/hackforla/website/issues/6942,SKILLS ISSUE
elvisEspinozaN,4064,IC_kwDOB7-mp869HrQB,3172905985,https://github.com/hackforla/website/issues/4064,SKILLS ISSUE
ememercy21,2687,IC_kwDOB7-mp869HrQH,3172905991,https://github.com/hackforla/website/issues/2687,SKILLS ISSUE
EmilyTat,3141,IC_kwDOB7-mp869HrQO,3172905998,https://github.com/hackforla/website/issues/3141,SKILLS ISSUE
EmmaBin,4712,IC_kwDOB7-mp869HrQP,3172905999,https://github.com/hackforla/website/issues/4712,SKILLS ISSUE
engmaggi,2596,IC_kwDOB7-mp869HrQJ,3172905993,https://github.com/hackforla/website/issues/2596,SKILLS ISSUE
eodero,3074,IC_kwDOB7-mp869HrQW,3172906006,https://github.com/hackforla/website/issues/3074,SKILLS ISSUE
ericahagle,6831,IC_kwDOB7-mp869HrP_,3172905983,https://github.com/hackforla/website/issues/6831,SKILLS ISSUE
ericvennemeyer,3048,IC_kwDOB7-mp869HrRC,3172906050,https://github.com/hackforla/website/issues/3048,SKILLS ISSUE
erinpattison,4062,IC_kwDOB7-mp869HrQc,3172906012,https://github.com/hackforla/website/issues/4062,SKILLS ISSUE
erinzz,5206,IC_kwDOB7-mp869HrQx,3172906033,https://github.com/hackforla/website/issues/5206,SKILLS ISSUE
erniep278,3607,IC_kwDOB7-mp869HrQZ,3172906009,https://github.com/hackforla/website/issues/3607,SKILLS ISSUE
esantiano,3603,IC_kwDOB7-mp869HrQi,3172906018,https://github.com/hackforla/website/issues/3603,SKILLS ISSUE
EShahverdian,7969,IC_kwDOB7-mp869HrQL,3172905995,https://github.com/hackforla/website/issues/7969,SKILLS ISSUE
essbee808,3706,IC_kwDOB7-mp869HrQd,3172906013,https://github.com/hackforla/website/issues/3706,SKILLS ISSUE
ethanchen7,3386,IC_kwDOB7-mp869HrQM,3172905996,https://github.com/hackforla/website/issues/3386,SKILLS ISSUE
ethanloh8,7021,IC_kwDOB7-mp869HrQN,3172905997,https://github.com/hackforla/website/issues/7021,SKILLS ISSUE
ethanstrominger,3292,IC_kwDOB7-mp869HrQf,3172906015,https://github.com/hackforla/website/issues/3292,SKILLS ISSUE
eulloa10,4318,IC_kwDOB7-mp869HrQl,3172906021,https://github.com/hackforla/website/issues/4318,SKILLS ISSUE
eunicode,8134,IC_kwDOB7-mp869HrQe,3172906014,https://github.com/hackforla/website/issues/8134,SKILLS ISSUE
evanhesketh,5069,IC_kwDOB7-mp869HrQz,3172906035,https://github.com/hackforla/website/issues/5069,SKILLS ISSUE
evan-ishibashi,6247,IC_kwDOB7-mp869HrQY,3172906008,https://github.com/hackforla/website/issues/6247,SKILLS ISSUE
eyaaoo,6428,IC_kwDOB7-mp869HrQR,3172906001,https://github.com/hackforla/website/issues/6428,SKILLS ISSUE
ezchung,4609,IC_kwDOB7-mp869HrQQ,3172906000,https://github.com/hackforla/website/issues/4609,SKILLS ISSUE
fahimicodes,5726,IC_kwDOB7-mp869HrQt,3172906029,https://github.com/hackforla/website/issues/5726,SKILLS ISSUE
FamousHero,7327,IC_kwDOB7-mp869HrQ7,3172906043,https://github.com/hackforla/website/issues/7327,SKILLS ISSUE
FatCatLikesBeer,8094,IC_kwDOB7-mp869HrQw,3172906032,https://github.com/hackforla/website/issues/8094,SKILLS ISSUE
fernandoqueue,2985,IC_kwDOB7-mp869HrQn,3172906023,https://github.com/hackforla/website/issues/2985,SKILLS ISSUE
flashcabaja64,5077,IC_kwDOB7-mp869HrQU,3172906004,https://github.com/hackforla/website/issues/5077,SKILLS ISSUE
floydferrer,7517,IC_kwDOB7-mp869HrQ1,3172906037,https://github.com/hackforla/website/issues/7517,SKILLS ISSUE
frankstepanski,2660,IC_kwDOB7-mp869HrQp,3172906025,https://github.com/hackforla/website/issues/2660,SKILLS ISSUE
freaky4wrld,5614,IC_kwDOB7-mp869HrRR,3172906065,https://github.com/hackforla/website/issues/5614,SKILLS ISSUE
ftblmagician,3918,IC_kwDOB7-mp869HrQo,3172906024,https://github.com/hackforla/website/issues/3918,SKILLS ISSUE
fusionxx23,8066,IC_kwDOB7-mp869HrQb,3172906011,https://github.com/hackforla/website/issues/8066,SKILLS ISSUE
gabbyjimenez,8273,IC_kwDOB7-mp86_ptvb,3215383515,https://github.com/hackforla/website/issues/8273,SKILLS ISSUE
Garcia1416,2638,IC_kwDOB7-mp869HrQs,3172906028,https://github.com/hackforla/website/issues/2638,SKILLS ISSUE
gardenqu,3052,IC_kwDOB7-mp869HrQk,3172906020,https://github.com/hackforla/website/issues/3052,SKILLS ISSUE
garrettallen0,4061,IC_kwDOB7-mp869HrQX,3172906007,https://github.com/hackforla/website/issues/4061,SKILLS ISSUE
gaylem,6246,IC_kwDOB7-mp869HrRJ,3172906057,https://github.com/hackforla/website/issues/6246,SKILLS ISSUE
gdkoo,6034,IC_kwDOB7-mp869HrQu,3172906030,https://github.com/hackforla/website/issues/6034,SKILLS ISSUE
ge-andrew,5360,IC_kwDOB7-mp869HrQa,3172906010,https://github.com/hackforla/website/issues/5360,SKILLS ISSUE
geedtd,3123,IC_kwDOB7-mp869HrQj,3172906019,https://github.com/hackforla/website/issues/3123,SKILLS ISSUE
Georgema20,2559,IC_kwDOB7-mp869HrRS,3172906066,https://github.com/hackforla/website/issues/2559,SKILLS ISSUE
GinaCastromonte,6340,IC_kwDOB7-mp869HrQq,3172906026,https://github.com/hackforla/website/issues/6340,SKILLS ISSUE
GioMogi,6343,IC_kwDOB7-mp869HrQ9,3172906045,https://github.com/hackforla/website/issues/6343,SKILLS ISSUE
giroz,3459,IC_kwDOB7-mp869HrQ6,3172906042,https://github.com/hackforla/website/issues/3459,SKILLS ISSUE
githelsui,7968,IC_kwDOB7-mp869HrQ2,3172906038,https://github.com/hackforla/website/issues/7968,SKILLS ISSUE
GitPeebles,3786,IC_kwDOB7-mp869HrQm,3172906022,https://github.com/hackforla/website/issues/3786,SKILLS ISSUE
gmgonzal,7743,IC_kwDOB7-mp869HrQ-,3172906046,https://github.com/hackforla/website/issues/7743,SKILLS ISSUE
gold-o,3069,IC_kwDOB7-mp869HrQ_,3172906047,https://github.com/hackforla/website/issues/3069,SKILLS ISSUE
graycodesnu,4312,IC_kwDOB7-mp869HrQr,3172906027,https://github.com/hackforla/website/issues/4312,SKILLS ISSUE
greg-nice,3050,IC_kwDOB7-mp869HrQy,3172906034,https://github.com/hackforla/website/issues/3050,SKILLS ISSUE
greylaw89,2837,IC_kwDOB7-mp869HrQ0,3172906036,https://github.com/hackforla/website/issues/2837,SKILLS ISSUE
GRISONRF,3544,IC_kwDOB7-mp869HrRG,3172906054,https://github.com/hackforla/website/issues/3544,SKILLS ISSUE
GRK1998,5000,IC_kwDOB7-mp869HrRN,3172906061,https://github.com/hackforla/website/issues/5000,SKILLS ISSUE
gsh3729,6949,IC_kwDOB7-mp869HrRA,3172906048,https://github.com/hackforla/website/issues/6949,SKILLS ISSUE
gstemmann,3604,IC_kwDOB7-mp869HrRL,3172906059,https://github.com/hackforla/website/issues/3604,SKILLS ISSUE
h3nry-m,3612,IC_kwDOB7-mp869HrRM,3172906060,https://github.com/hackforla/website/issues/3612,SKILLS ISSUE
ha-bach,5086,IC_kwDOB7-mp869HrRD,3172906051,https://github.com/hackforla/website/issues/5086,SKILLS ISSUE
hang-justin,4161,IC_kwDOB7-mp869HrRE,3172906052,https://github.com/hackforla/website/issues/4161,SKILLS ISSUE
harshitasao,2840,IC_kwDOB7-mp869HrRK,3172906058,https://github.com/hackforla/website/issues/2840,SKILLS ISSUE
hdkassamali,7888,IC_kwDOB7-mp869HrQv,3172906031,https://github.com/hackforla/website/issues/7888,SKILLS ISSUE
heejung-hong,5868,IC_kwDOB7-mp869HrRO,3172906062,https://github.com/hackforla/website/issues/5868,SKILLS ISSUE
hellorachelschwartz,3252,IC_kwDOB7-mp869HrQ4,3172906040,https://github.com/hackforla/website/issues/3252,SKILLS ISSUE
hkhaung,7202,IC_kwDOB7-mp869HrRB,3172906049,https://github.com/hackforla/website/issues/7202,SKILLS ISSUE
hoanhua14,7896,IC_kwDOB7-mp869HrRF,3172906053,https://github.com/hackforla/website/issues/7896,SKILLS ISSUE
homeroochoa47,5078,IC_kwDOB7-mp869HrQ3,3172906039,https://github.com/hackforla/website/issues/5078,SKILLS ISSUE
howdyjessie,6253,IC_kwDOB7-mp869HrRQ,3172906064,https://github.com/hackforla/website/issues/6253,SKILLS ISSUE
Hsan2022,6532,IC_kwDOB7-mp869HrQ8,3172906044,https://github.com/hackforla/website/issues/6532,SKILLS ISSUE
hussainmudassir,7209,IC_kwDOB7-mp869HrQ5,3172906041,https://github.com/hackforla/website/issues/7209,SKILLS ISSUE
HyMike,8067,IC_kwDOB7-mp869HrRI,3172906056,https://github.com/hackforla/website/issues/8067,SKILLS ISSUE
hziegel,8097,IC_kwDOB7-mp869HrRP,3172906063,https://github.com/hackforla/website/issues/8097,SKILLS ISSUE
iancooperman,6033,IC_kwDOB7-mp869Hrne,3172907486,https://github.com/hackforla/website/issues/6033,SKILLS ISSUE
ihop-56,7212,IC_kwDOB7-mp869Hrno,3172907496,https://github.com/hackforla/website/issues/7212,SKILLS ISSUE
imheeok,7891,IC_kwDOB7-mp869HrnR,3172907473,https://github.com/hackforla/website/issues/7891,SKILLS ISSUE
imthiazh,7574,IC_kwDOB7-mp869Hrnf,3172907487,https://github.com/hackforla/website/issues/7574,SKILLS ISSUE
imvan2,4618,IC_kwDOB7-mp869HrnT,3172907475,https://github.com/hackforla/website/issues/4618,SKILLS ISSUE
innith,5363,IC_kwDOB7-mp869HrnZ,3172907481,https://github.com/hackforla/website/issues/5363,SKILLS ISSUE
ino-iosdev,6885,IC_kwDOB7-mp869Hrng,3172907488,https://github.com/hackforla/website/issues/6885,SKILLS ISSUE
Insaneowl1993,6607,IC_kwDOB7-mp869HrnQ,3172907472,https://github.com/hackforla/website/issues/6607,SKILLS ISSUE
irais-valenzuela,5779,IC_kwDOB7-mp869Hrn7,3172907515,https://github.com/hackforla/website/issues/5779,SKILLS ISSUE
iris-jeong,5862,IC_kwDOB7-mp869HrnP,3172907471,https://github.com/hackforla/website/issues/5862,SKILLS ISSUE
Islaster,7031,IC_kwDOB7-mp869Hrnn,3172907495,https://github.com/hackforla/website/issues/7031,SKILLS ISSUE
Itav8,6545,IC_kwDOB7-mp869Hrnm,3172907494,https://github.com/hackforla/website/issues/6545,SKILLS ISSUE
itazurakozo,7330,IC_kwDOB7-mp869Hrnh,3172907489,https://github.com/hackforla/website/issues/7330,SKILLS ISSUE
iuddin,4320,IC_kwDOB7-mp869HrnV,3172907477,https://github.com/hackforla/website/issues/4320,SKILLS ISSUE
ivan20203,4974,IC_kwDOB7-mp869HroA,3172907520,https://github.com/hackforla/website/issues/4974,SKILLS ISSUE
izma-mujeeb,7030,IC_kwDOB7-mp869Hrn3,3172907511,https://github.com/hackforla/website/issues/7030,SKILLS ISSUE
jaasonw,5635,IC_kwDOB7-mp869Hrns,3172907500,https://github.com/hackforla/website/issues/5635,SKILLS ISSUE
JackCasica,5865,IC_kwDOB7-mp869HroJ,3172907529,https://github.com/hackforla/website/issues/5865,SKILLS ISSUE
JackCSweeney,7022,IC_kwDOB7-mp869Hrnd,3172907485,https://github.com/hackforla/website/issues/7022,SKILLS ISSUE
JackieRiley1,2500,IC_kwDOB7-mp869Hrn5,3172907513,https://github.com/hackforla/website/issues/2500,SKILLS ISSUE
jackyuan1,5720,IC_kwDOB7-mp869Hrni,3172907490,https://github.com/hackforla/website/issues/5720,SKILLS ISSUE
jacquesarzu2014,7035,IC_kwDOB7-mp869HrnS,3172907474,https://github.com/hackforla/website/issues/7035,SKILLS ISSUE
jakejjoyner,7693,IC_kwDOB7-mp869Hrnc,3172907484,https://github.com/hackforla/website/issues/7693,SKILLS ISSUE
james-aguirre,5774,IC_kwDOB7-mp869HrnY,3172907480,https://github.com/hackforla/website/issues/5774,SKILLS ISSUE
jamhpark,8188,IC_kwDOB7-mp869HrnU,3172907476,https://github.com/hackforla/website/issues/8188,SKILLS ISSUE
janice87,4173,IC_kwDOB7-mp869Hrn4,3172907512,https://github.com/hackforla/website/issues/4173,SKILLS ISSUE
JanineSooThow,4988,IC_kwDOB7-mp869Hrn2,3172907510,https://github.com/hackforla/website/issues/4988,SKILLS ISSUE
Jaretzbalba,2838,IC_kwDOB7-mp869Hrn-,3172907518,https://github.com/hackforla/website/issues/2838,SKILLS ISSUE
jasonlinlinlin,5869,IC_kwDOB7-mp869Hrnb,3172907483,https://github.com/hackforla/website/issues/5869,SKILLS ISSUE
JasonY188,2750,IC_kwDOB7-mp869Hrnk,3172907492,https://github.com/hackforla/website/issues/2750,SKILLS ISSUE
javierb256,8135,IC_kwDOB7-mp869HrnX,3172907479,https://github.com/hackforla/website/issues/8135,SKILLS ISSUE
JayBarbanel,3070,IC_kwDOB7-mp869HroE,3172907524,https://github.com/hackforla/website/issues/3070,SKILLS ISSUE
Jaycelab,7890,IC_kwDOB7-mp869Hrna,3172907482,https://github.com/hackforla/website/issues/7890,SKILLS ISSUE
jazxbx,6832,IC_kwDOB7-mp869Hrny,3172907506,https://github.com/hackforla/website/issues/6832,SKILLS ISSUE
jbialkin98,3387,IC_kwDOB7-mp869Hrnl,3172907493,https://github.com/hackforla/website/issues/3387,SKILLS ISSUE
JCameren,5310,IC_kwDOB7-mp869Hrnq,3172907498,https://github.com/hackforla/website/issues/5310,SKILLS ISSUE
jch1013,3796,IC_kwDOB7-mp869HroG,3172907526,https://github.com/hackforla/website/issues/3796,SKILLS ISSUE
jchue,6715,IC_kwDOB7-mp869Hrnp,3172907497,https://github.com/hackforla/website/issues/6715,SKILLS ISSUE
jdingeman,3365,IC_kwDOB7-mp869HxR8,3172930684,https://github.com/hackforla/website/issues/3365,SKILLS ISSUE
jefflueck,4090,IC_kwDOB7-mp869Hrod,3172907549,https://github.com/hackforla/website/issues/4090,SKILLS ISSUE
Jeffreyp1,8130,IC_kwDOB7-mp869Hrnv,3172907503,https://github.com/hackforla/website/issues/8130,SKILLS ISSUE
jenjenkayi,6350,IC_kwDOB7-mp869Hrnu,3172907502,https://github.com/hackforla/website/issues/6350,SKILLS ISSUE
jenniesf,4331,IC_kwDOB7-mp869Hrnj,3172907491,https://github.com/hackforla/website/issues/4331,SKILLS ISSUE
jennifertieu,4966,IC_kwDOB7-mp869Hrn9,3172907517,https://github.com/hackforla/website/issues/4966,SKILLS ISSUE
jennisung,6877,IC_kwDOB7-mp869Hrnt,3172907501,https://github.com/hackforla/website/issues/6877,SKILLS ISSUE
jenny-alexander,4636,IC_kwDOB7-mp869HroK,3172907530,https://github.com/hackforla/website/issues/4636,SKILLS ISSUE
jeristella,3908,IC_kwDOB7-mp869Hrn6,3172907514,https://github.com/hackforla/website/issues/3908,SKILLS ISSUE
jessdvdv,3910,IC_kwDOB7-mp869Hrnr,3172907499,https://github.com/hackforla/website/issues/3910,SKILLS ISSUE
JessicaLucindaCheng,2520,IC_kwDOB7-mp869HyRM,3172934334,https://github.com/hackforla/website/issues/2520,SKILLS ISSUE
jesusmendoza1940,7923,IC_kwDOB7-mp869HroB,3172907521,https://github.com/hackforla/website/issues/7923,SKILLS ISSUE
Jfong1218,5222,IC_kwDOB7-mp869HroC,3172907522,https://github.com/hackforla/website/issues/5222,SKILLS ISSUE
jhong94,7208,IC_kwDOB7-mp869Hrn_,3172907519,https://github.com/hackforla/website/issues/7208,SKILLS ISSUE
JijiTheCreator,3712,IC_kwDOB7-mp869Hrn1,3172907509,https://github.com/hackforla/website/issues/3712,SKILLS ISSUE
JimGeist,2468,IC_kwDOB7-mp869Hroh,3172907553,https://github.com/hackforla/website/issues/2468,SKILLS ISSUE
Jimmy-Vu,4611,IC_kwDOB7-mp869Hrn0,3172907508,https://github.com/hackforla/website/issues/4611,SKILLS ISSUE
jleung7158,5780,IC_kwDOB7-mp869HroR,3172907537,https://github.com/hackforla/website/issues/5780,SKILLS ISSUE
jlevot,6029,IC_kwDOB7-mp869HroQ,3172907536,https://github.com/hackforla/website/issues/6029,SKILLS ISSUE
jlu9d2,4073,IC_kwDOB7-mp869HroH,3172907527,https://github.com/hackforla/website/issues/4073,SKILLS ISSUE
jmarinit,7217,IC_kwDOB7-mp869HroO,3172907534,https://github.com/hackforla/website/issues/7217,SKILLS ISSUE
Jmmcclo2023,4993,IC_kwDOB7-mp869H2gC,3172952066,https://github.com/hackforla/website/issues/4993,SKILLS ISSUE
j-m-rodriguez,7201,IC_kwDOB7-mp869HrnW,3172907478,https://github.com/hackforla/website/issues/7201,SKILLS ISSUE
jnmrles,2496,IC_kwDOB7-mp869HroV,3172907541,https://github.com/hackforla/website/issues/2496,SKILLS ISSUE
jnomad21,4985,IC_kwDOB7-mp869Hrob,3172907547,https://github.com/hackforla/website/issues/4985,SKILLS ISSUE
joelfuelling,5088,IC_kwDOB7-mp869HroI,3172907528,https://github.com/hackforla/website/issues/5088,SKILLS ISSUE
joeytsui1,7624,IC_kwDOB7-mp869HroY,3172907544,https://github.com/hackforla/website/issues/7624,SKILLS ISSUE
johnApale,6036,IC_kwDOB7-mp869Hroe,3172907550,https://github.com/hackforla/website/issues/6036,SKILLS ISSUE
johnBueno31,6250,IC_kwDOB7-mp869HroM,3172907532,https://github.com/hackforla/website/issues/6250,SKILLS ISSUE
JohnJBarrett22,3458,IC_kwDOB7-mp869HroT,3172907539,https://github.com/hackforla/website/issues/3458,SKILLS ISSUE
Johnnie007,2524,IC_kwDOB7-mp869HroS,3172907538,https://github.com/hackforla/website/issues/2524,SKILLS ISSUE
johnppkyaw,6829,IC_kwDOB7-mp869Hrof,3172907551,https://github.com/hackforla/website/issues/6829,SKILLS ISSUE
jojochen25,3820,IC_kwDOB7-mp869H2gA,3172952064,https://github.com/hackforla/website/issues/3820,SKILLS ISSUE
JolleenI,3434,IC_kwDOB7-mp869Hrn8,3172907516,https://github.com/hackforla/website/issues/3434,SKILLS ISSUE
jond34,3608,IC_kwDOB7-mp869Hrnx,3172907505,https://github.com/hackforla/website/issues/3608,SKILLS ISSUE
jonnyoe,6329,IC_kwDOB7-mp869H2gH,3172952071,https://github.com/hackforla/website/issues/6329,SKILLS ISSUE
joooseph2,7225,IC_kwDOB7-mp869HroD,3172907523,https://github.com/hackforla/website/issues/7225,SKILLS ISSUE
joshjyu,8268,IC_kwDOB7-mp86_ps9y,3215380338,https://github.com/hackforla/website/issues/8268,SKILLS ISSUE
JoshuaGirgis,5871,IC_kwDOB7-mp869Hrnz,3172907507,https://github.com/hackforla/website/issues/5871,SKILLS ISSUE
Joyce750526,4326,IC_kwDOB7-mp869H2f_,3172952063,https://github.com/hackforla/website/issues/4326,SKILLS ISSUE
JpadillaCoding,4716,IC_kwDOB7-mp869HroU,3172907540,https://github.com/hackforla/website/issues/4716,SKILLS ISSUE
Jperparas,6430,IC_kwDOB7-mp869Hroa,3172907546,https://github.com/hackforla/website/issues/6430,SKILLS ISSUE
jphamtv,5873,IC_kwDOB7-mp869H2gL,3172952075,https://github.com/hackforla/website/issues/5873,SKILLS ISSUE
jqg123,2523,IC_kwDOB7-mp869H2gG,3172952070,https://github.com/hackforla/website/issues/2523,SKILLS ISSUE
jsnhn,7895,IC_kwDOB7-mp869HroL,3172907531,https://github.com/hackforla/website/issues/7895,SKILLS ISSUE
JSTUN9,4322,IC_kwDOB7-mp869HroN,3172907533,https://github.com/hackforla/website/issues/4322,SKILLS ISSUE
jtkabenni,6030,IC_kwDOB7-mp869Hrnw,3172907504,https://github.com/hackforla/website/issues/6030,SKILLS ISSUE
jtw007,6031,IC_kwDOB7-mp869H2gE,3172952068,https://github.com/hackforla/website/issues/6031,SKILLS ISSUE
juanramirezwebdev,7231,IC_kwDOB7-mp869HroW,3172907542,https://github.com/hackforla/website/issues/7231,SKILLS ISSUE
juleanrod,3710,IC_kwDOB7-mp869HroP,3172907535,https://github.com/hackforla/website/issues/3710,SKILLS ISSUE
julialuongw,5001,IC_kwDOB7-mp869H7JC,3172971074,https://github.com/hackforla/website/issues/5001,SKILLS ISSUE
juliansmith0,3122,IC_kwDOB7-mp869Hrog,3172907552,https://github.com/hackforla/website/issues/3122,SKILLS ISSUE
junadkat32,5090,IC_kwDOB7-mp869H2gD,3172952067,https://github.com/hackforla/website/issues/5090,SKILLS ISSUE
Jung-GunSong,6042,IC_kwDOB7-mp869H2gF,3172952069,https://github.com/hackforla/website/issues/6042,SKILLS ISSUE
junjun107,3512,IC_kwDOB7-mp869H2gB,3172952065,https://github.com/hackforla/website/issues/3512,SKILLS ISSUE
Justin-Arakaki,5068,IC_kwDOB7-mp869HroZ,3172907545,https://github.com/hackforla/website/issues/5068,SKILLS ISSUE
justinPemberton,3545,IC_kwDOB7-mp869H7cI,3172972296,https://github.com/hackforla/website/issues/3545,SKILLS ISSUE
jyaymie,3610,IC_kwDOB7-mp869H2gK,3172952074,https://github.com/hackforla/website/issues/3610,SKILLS ISSUE
kabszac,5487,IC_kwDOB7-mp869H3mf,3172956575,https://github.com/hackforla/website/issues/5487,SKILLS ISSUE
kadamrahul18,8032,IC_kwDOB7-mp869H3mn,3172956583,https://github.com/hackforla/website/issues/8032,SKILLS ISSUE
KalpanaTA,3245,IC_kwDOB7-mp869H3mZ,3172956569,https://github.com/hackforla/website/issues/3245,SKILLS ISSUE
Kamalaprasaad,6420,IC_kwDOB7-mp869H3mc,3172956572,https://github.com/hackforla/website/issues/6420,SKILLS ISSUE
karengcecena,4072,IC_kwDOB7-mp869H3mm,3172956582,https://github.com/hackforla/website/issues/4072,SKILLS ISSUE
Karll-L,5075,IC_kwDOB7-mp869H3ma,3172956570,https://github.com/hackforla/website/issues/5075,SKILLS ISSUE
kartiknesari,7927,IC_kwDOB7-mp869H3mi,3172956578,https://github.com/hackforla/website/issues/7927,SKILLS ISSUE
katherinek123,4619,IC_kwDOB7-mp869H3mh,3172956577,https://github.com/hackforla/website/issues/4619,SKILLS ISSUE
kathrynsilvaconway,3009,IC_kwDOB7-mp869IA8i,3172994850,https://github.com/hackforla/website/issues/3009,SKILLS ISSUE
katiehermalik,4333,IC_kwDOB7-mp869H3mg,3172956576,https://github.com/hackforla/website/issues/4333,SKILLS ISSUE
katiejnete,7695,IC_kwDOB7-mp869H3nM,3172956620,https://github.com/hackforla/website/issues/7695,SKILLS ISSUE
kayi007,5734,IC_kwDOB7-mp869H3me,3172956574,https://github.com/hackforla/website/issues/5734,SKILLS ISSUE
KazushiR,3882,IC_kwDOB7-mp869H3m8,3172956604,https://github.com/hackforla/website/issues/3882,SKILLS ISSUE
KBWells77,3147,IC_kwDOB7-mp869IA79,3172994813,https://github.com/hackforla/website/issues/3147,SKILLS ISSUE
k-cardon,7326,IC_kwDOB7-mp869H2gI,3172952072,https://github.com/hackforla/website/issues/7326,SKILLS ISSUE
kdaca19xx,7971,IC_kwDOB7-mp869H3m2,3172956598,https://github.com/hackforla/website/issues/7971,SKILLS ISSUE
kellyc9,6628,IC_kwDOB7-mp869H3mk,3172956580,https://github.com/hackforla/website/issues/6628,SKILLS ISSUE
kelwilson,8068,IC_kwDOB7-mp869H3my,3172956594,https://github.com/hackforla/website/issues/8068,SKILLS ISSUE
kennysghub,6596,IC_kwDOB7-mp869H3ml,3172956581,https://github.com/hackforla/website/issues/6596,SKILLS ISSUE
kennytram,5615,IC_kwDOB7-mp869H3mr,3172956587,https://github.com/hackforla/website/issues/5615,SKILLS ISSUE
kerimedeiros,3969,IC_kwDOB7-mp869H3mu,3172956590,https://github.com/hackforla/website/issues/3969,SKILLS ISSUE
kesang20,4965,IC_kwDOB7-mp869H3mp,3172956585,https://github.com/hackforla/website/issues/4965,SKILLS ISSUE
kevin31yu,5725,IC_kwDOB7-mp869H3m7,3172956603,https://github.com/hackforla/website/issues/5725,SKILLS ISSUE
kevin-421,6128,IC_kwDOB7-mp869H3nY,3172956632,https://github.com/hackforla/website/issues/6128,SKILLS ISSUE
kevinashworth,8131,IC_kwDOB7-mp869H3mo,3172956584,https://github.com/hackforla/website/issues/8131,SKILLS ISSUE
kezzaam,5352,IC_kwDOB7-mp869H3m3,3172956599,https://github.com/hackforla/website/issues/5352,SKILLS ISSUE
kgold2018,7232,IC_kwDOB7-mp869H3m1,3172956597,https://github.com/hackforla/website/issues/7232,SKILLS ISSUE
Khadijahibidapo,3144,IC_kwDOB7-mp869H3mt,3172956589,https://github.com/hackforla/website/issues/3144,SKILLS ISSUE
Khinememe-Kyaw,7894,IC_kwDOB7-mp869H3nE,3172956612,https://github.com/hackforla/website/issues/7894,SKILLS ISSUE
Khwalab3ar,5866,IC_kwDOB7-mp869H3m0,3172956596,https://github.com/hackforla/website/issues/5866,SKILLS ISSUE
kianaeunice,5216,IC_kwDOB7-mp869H3mq,3172956586,https://github.com/hackforla/website/issues/5216,SKILLS ISSUE
kimberlytanyh,4117,IC_kwDOB7-mp869H3mv,3172956591,https://github.com/hackforla/website/issues/4117,SKILLS ISSUE
kiran98118,5004,IC_kwDOB7-mp869H3m4,3172956600,https://github.com/hackforla/website/issues/5004,SKILLS ISSUE
kiwookim,4620,IC_kwDOB7-mp869H3nG,3172956614,https://github.com/hackforla/website/issues/4620,SKILLS ISSUE
kknight-7,8292,IC_kwDOB7-mp87BGi4n,,https://github.com/hackforla/website/issues/8292,SKILLS ISSUE
Kle012,6341,IC_kwDOB7-mp869H3nW,3172956630,https://github.com/hackforla/website/issues/6341,SKILLS ISSUE
klei0229,5219,IC_kwDOB7-mp869H3nP,3172956623,https://github.com/hackforla/website/issues/5219,SKILLS ISSUE
kmdeakers,6252,IC_kwDOB7-mp869H3nA,3172956608,https://github.com/hackforla/website/issues/6252,SKILLS ISSUE
KO1122,7830,IC_kwDOB7-mp869H3nL,3172956619,https://github.com/hackforla/website/issues/7830,SKILLS ISSUE
kotynskm,3778,IC_kwDOB7-mp869H3ms,3172956588,https://github.com/hackforla/website/issues/3778,SKILLS ISSUE
kpmunnelly,3410,IC_kwDOB7-mp869H3nB,3172956609,https://github.com/hackforla/website/issues/3410,SKILLS ISSUE
k-rewd,4981,IC_kwDOB7-mp869H2gJ,3172952073,https://github.com/hackforla/website/issues/4981,SKILLS ISSUE
kristinstockley,5353,IC_kwDOB7-mp869H3mz,3172956595,https://github.com/hackforla/website/issues/5353,SKILLS ISSUE
KuanHsienYEH,6254,IC_kwDOB7-mp869H3m_,3172956607,https://github.com/hackforla/website/issues/6254,SKILLS ISSUE
kurikurichan,3991,IC_kwDOB7-mp869H3m6,3172956602,https://github.com/hackforla/website/issues/3991,SKILLS ISSUE
KwameTaylor,6812,IC_kwDOB7-mp869H3m9,3172956605,https://github.com/hackforla/website/issues/6812,SKILLS ISSUE
kwangric,4169,IC_kwDOB7-mp869H3nk,3172956644,https://github.com/hackforla/website/issues/4169,SKILLS ISSUE
KyleA99,5567,IC_kwDOB7-mp869H3m5,3172956601,https://github.com/hackforla/website/issues/5567,SKILLS ISSUE
kyle-foral,5609,IC_kwDOB7-mp869H3nI,3172956616,https://github.com/hackforla/website/issues/5609,SKILLS ISSUE
kyrakwak,3825,IC_kwDOB7-mp869H3nU,3172956628,https://github.com/hackforla/website/issues/3825,SKILLS ISSUE
Lalla22,3781,IC_kwDOB7-mp869H3mx,3172956593,https://github.com/hackforla/website/issues/3781,SKILLS ISSUE
lastCoyotes,8270,IC_kwDOB7-mp86_ptSj,3215381667,https://github.com/hackforla/website/issues/8270,SKILLS ISSUE
lc1715,7746,IC_kwDOB7-mp869H3nO,3172956622,https://github.com/hackforla/website/issues/7746,SKILLS ISSUE
ldaws003,3611,IC_kwDOB7-mp869H3nZ,3172956633,https://github.com/hackforla/website/issues/3611,SKILLS ISSUE
ldietz08,4632,IC_kwDOB7-mp869IA8E,3172994820,https://github.com/hackforla/website/issues/4632,SKILLS ISSUE
liamtirney,5065,IC_kwDOB7-mp869H3nN,3172956621,https://github.com/hackforla/website/issues/5065,SKILLS ISSUE
lilyarj,3270,IC_kwDOB7-mp869IA8d,3172994845,https://github.com/hackforla/website/issues/3270,SKILLS ISSUE
LilyLuo001,3246,IC_kwDOB7-mp869H3mw,3172956592,https://github.com/hackforla/website/issues/3246,SKILLS ISSUE
Limeload,6349,IC_kwDOB7-mp869H3nK,3172956618,https://github.com/hackforla/website/issues/6349,SKILLS ISSUE
lindsay-jin,6944,IC_kwDOB7-mp869H3nT,3172956627,https://github.com/hackforla/website/issues/6944,SKILLS ISSUE
lindseyindev,2547,IC_kwDOB7-mp869H3ni,3172956642,https://github.com/hackforla/website/issues/2547,SKILLS ISSUE
lisa-shens,8267,IC_kwDOB7-mp86_psog,3215378976,https://github.com/hackforla/website/issues/8267,SKILLS ISSUE
locb65,4972,IC_kwDOB7-mp869H3nb,3172956635,https://github.com/hackforla/website/issues/4972,SKILLS ISSUE
lopezpedres,2522,IC_kwDOB7-mp869H3nR,3172956625,https://github.com/hackforla/website/issues/2522,SKILLS ISSUE
LOSjr4,4070,IC_kwDOB7-mp869IA8M,3172994828,https://github.com/hackforla/website/issues/4070,SKILLS ISSUE
louiewhitz,4729,IC_kwDOB7-mp869H3nc,3172956636,https://github.com/hackforla/website/issues/4729,SKILLS ISSUE
loveshah751,3149,IC_kwDOB7-mp869H3nF,3172956613,https://github.com/hackforla/website/issues/3149,SKILLS ISSUE
LRenDO,4719,IC_kwDOB7-mp869IA8n,3172994855,https://github.com/hackforla/website/issues/4719,SKILLS ISSUE
lrobinson823,2558,IC_kwDOB7-mp869H3nn,3172956647,https://github.com/hackforla/website/issues/2558,SKILLS ISSUE
LuccaWang1,6610,IC_kwDOB7-mp869H3nC,3172956610,https://github.com/hackforla/website/issues/6610,SKILLS ISSUE
luiderek,3682,IC_kwDOB7-mp869H3ne,3172956638,https://github.com/hackforla/website/issues/3682,SKILLS ISSUE
luisitocanlas,6249,IC_kwDOB7-mp869IA8h,3172994849,https://github.com/hackforla/website/issues/6249,SKILLS ISSUE
luke-karis,2727,IC_kwDOB7-mp869H3na,3172956634,https://github.com/hackforla/website/issues/2727,SKILLS ISSUE
LukeLowrey2,4994,IC_kwDOB7-mp869IA8H,3172994823,https://github.com/hackforla/website/issues/4994,SKILLS ISSUE
lukewangm,6421,IC_kwDOB7-mp869H3nH,3172956615,https://github.com/hackforla/website/issues/6421,SKILLS ISSUE
lytravis,3684,IC_kwDOB7-mp869H3m-,3172956606,https://github.com/hackforla/website/issues/3684,SKILLS ISSUE
m0hith,7025,IC_kwDOB7-mp869H3nD,3172956611,https://github.com/hackforla/website/issues/7025,SKILLS ISSUE
maadeshsivakumar,7203,IC_kwDOB7-mp869H3nl,3172956645,https://github.com/hackforla/website/issues/7203,SKILLS ISSUE
Maarimar,8065,IC_kwDOB7-mp869IA7-,3172994814,https://github.com/hackforla/website/issues/8065,SKILLS ISSUE
MacTirney,5066,IC_kwDOB7-mp869IA78,3172994812,https://github.com/hackforla/website/issues/5066,SKILLS ISSUE
mademarc,3780,IC_kwDOB7-mp869IA8g,3172994848,https://github.com/hackforla/website/issues/3780,SKILLS ISSUE
Maia-Cochran,4332,IC_kwDOB7-mp869H3nJ,3172956617,https://github.com/hackforla/website/issues/4332,SKILLS ISSUE
mamypoco,7626,IC_kwDOB7-mp869H3nh,3172956641,https://github.com/hackforla/website/issues/7626,SKILLS ISSUE
manaswita3303,7893,IC_kwDOB7-mp869H3nX,3172956631,https://github.com/hackforla/website/issues/7893,SKILLS ISSUE
MarcosG119,6330,IC_kwDOB7-mp869IA8Q,3172994832,https://github.com/hackforla/website/issues/6330,SKILLS ISSUE
Margotaro,8033,IC_kwDOB7-mp869H3nQ,3172956624,https://github.com/hackforla/website/issues/8033,SKILLS ISSUE
mariareeves,5924,IC_kwDOB7-mp869H3nq,3172956650,https://github.com/hackforla/website/issues/5924,SKILLS ISSUE
marioantonini,6427,IC_kwDOB7-mp869IA8B,3172994817,https://github.com/hackforla/website/issues/6427,SKILLS ISSUE
mariorecinos,4172,IC_kwDOB7-mp869H3nS,3172956626,https://github.com/hackforla/website/issues/4172,SKILLS ISSUE
MarkWiltberger,3915,IC_kwDOB7-mp869IA7_,3172994815,https://github.com/hackforla/website/issues/3915,SKILLS ISSUE
maryjng,3788,IC_kwDOB7-mp869H3no,3172956648,https://github.com/hackforla/website/issues/3788,SKILLS ISSUE
masautt,6604,IC_kwDOB7-mp869H3nf,3172956639,https://github.com/hackforla/website/issues/6604,SKILLS ISSUE
matt-arofin,3063,IC_kwDOB7-mp869H3nj,3172956643,https://github.com/hackforla/website/issues/3063,SKILLS ISSUE
MattChau01,4973,IC_kwDOB7-mp869IA8T,3172994835,https://github.com/hackforla/website/issues/4973,SKILLS ISSUE
matteores,6361,IC_kwDOB7-mp869H3nV,3172956629,https://github.com/hackforla/website/issues/6361,SKILLS ISSUE
MatthewBozin,3638,IC_kwDOB7-mp869H3nm,3172956646,https://github.com/hackforla/website/issues/3638,SKILLS ISSUE
matthewmpan,4614,IC_kwDOB7-mp869IA8D,3172994819,https://github.com/hackforla/website/issues/4614,SKILLS ISSUE
mattmalane,4067,IC_kwDOB7-mp869IA8W,3172994838,https://github.com/hackforla/website/issues/4067,SKILLS ISSUE
MattPereira,3602,IC_kwDOB7-mp869IA8m,3172994854,https://github.com/hackforla/website/issues/3602,SKILLS ISSUE
Mattre7,3243,IC_kwDOB7-mp869H3ng,3172956640,https://github.com/hackforla/website/issues/3243,SKILLS ISSUE
max1million101,6039,IC_kwDOB7-mp869H3nd,3172956637,https://github.com/hackforla/website/issues/6039,SKILLS ISSUE
Mayank2808sharma,4629,IC_kwDOB7-mp869H3nr,3172956651,https://github.com/hackforla/website/issues/4629,SKILLS ISSUE
maybleMyers,2940,IC_kwDOB7-mp869IA8R,3172994833,https://github.com/hackforla/website/issues/2940,SKILLS ISSUE
mccormackstudio,2692,IC_kwDOB7-mp869IA8A,3172994816,https://github.com/hackforla/website/issues/2692,SKILLS ISSUE
mchait18,7696,IC_kwDOB7-mp869IA8a,3172994842,https://github.com/hackforla/website/issues/7696,SKILLS ISSUE
mchavezm,3124,IC_kwDOB7-mp869IA8U,3172994836,https://github.com/hackforla/website/issues/3124,SKILLS ISSUE
mclotta,8030,IC_kwDOB7-mp869IA8N,3172994829,https://github.com/hackforla/website/issues/8030,SKILLS ISSUE
MCoding1,3272,IC_kwDOB7-mp869IA8C,3172994818,https://github.com/hackforla/website/issues/3272,SKILLS ISSUE
MDivyaPrakash,4986,IC_kwDOB7-mp869IA8K,3172994826,https://github.com/hackforla/website/issues/4986,SKILLS ISSUE
melissaluc,8008,IC_kwDOB7-mp869IA8X,3172994839,https://github.com/hackforla/website/issues/8008,SKILLS ISSUE
melissam640,7029,IC_kwDOB7-mp869IA8J,3172994825,https://github.com/hackforla/website/issues/7029,SKILLS ISSUE
meru-a,5215,IC_kwDOB7-mp869IA8S,3172994834,https://github.com/hackforla/website/issues/5215,SKILLS ISSUE
MicahBear,3992,IC_kwDOB7-mp869IA8V,3172994837,https://github.com/hackforla/website/issues/3992,SKILLS ISSUE
michael-4,8006,IC_kwDOB7-mp869IA8Y,3172994840,https://github.com/hackforla/website/issues/8006,SKILLS ISSUE
michaelmagen,3569,IC_kwDOB7-mp869IA8I,3172994824,https://github.com/hackforla/website/issues/3569,SKILLS ISSUE
michelle-jx,5861,IC_kwDOB7-mp869IA8O,3172994830,https://github.com/hackforla/website/issues/5861,SKILLS ISSUE
mimiwrp,7028,IC_kwDOB7-mp869IA8P,3172994831,https://github.com/hackforla/website/issues/7028,SKILLS ISSUE
minkang3,7216,IC_kwDOB7-mp869IA8e,3172994846,https://github.com/hackforla/website/issues/7216,SKILLS ISSUE
mioriimai,5348,IC_kwDOB7-mp869IA8F,3172994821,https://github.com/hackforla/website/issues/5348,SKILLS ISSUE
MitchellDoesCoding,8291,IC_kwDOB7-mp87BGkr_,,https://github.com/hackforla/website/issues/8291,SKILLS ISSUE
MitchellMaliglig,4615,IC_kwDOB7-mp869H3np,3172956649,https://github.com/hackforla/website/issues/4615,SKILLS ISSUE
mjh-projects,3911,IC_kwDOB7-mp869IA8b,3172994843,https://github.com/hackforla/website/issues/3911,SKILLS ISSUE
mjshelton12,4163,IC_kwDOB7-mp869IA8L,3172994827,https://github.com/hackforla/website/issues/4163,SKILLS ISSUE
mktr4n,7573,IC_kwDOB7-mp869Ipyo,3173162152,https://github.com/hackforla/website/issues/7573,SKILLS ISSUE
mlkara,4715,IC_kwDOB7-mp869IpyY,3173162136,https://github.com/hackforla/website/issues/4715,SKILLS ISSUE
mmcclanahan,7207,IC_kwDOB7-mp869Ipyp,3173162153,https://github.com/hackforla/website/issues/7207,SKILLS ISSUE
mmogri,3150,IC_kwDOB7-mp869IpyE,3173162116,https://github.com/hackforla/website/issues/3150,SKILLS ISSUE
moazDev1,6602,IC_kwDOB7-mp869IpzC,3173162178,https://github.com/hackforla/website/issues/6602,SKILLS ISSUE
MohamedAlsyouf,3186,IC_kwDOB7-mp869IpyC,,https://github.com/hackforla/website/issues/3186,SKILLS ISSUE
MohamedTwahir,8294,IC_kwDOB7-mp87BGk7q,,https://github.com/hackforla/website/issues/8294,SKILLS ISSUE
mohassan99,7841,IC_kwDOB7-mp869IpyS,3173162130,https://github.com/hackforla/website/issues/7841,SKILLS ISSUE
monaecurbeam98,6876,IC_kwDOB7-mp869IpyP,3173162127,https://github.com/hackforla/website/issues/6876,SKILLS ISSUE
Monomer9,8187,IC_kwDOB7-mp869IpyM,3173162124,https://github.com/hackforla/website/issues/8187,SKILLS ISSUE
mrodz,6884,IC_kwDOB7-mp869Ipyj,3173162147,https://github.com/hackforla/website/issues/6884,SKILLS ISSUE
mSharifHub,6953,IC_kwDOB7-mp869IpyJ,3173162121,https://github.com/hackforla/website/issues/6953,SKILLS ISSUE
mshirk2,4983,IC_kwDOB7-mp869IpyX,3173162135,https://github.com/hackforla/website/issues/4983,SKILLS ISSUE
msiller455,5723,IC_kwDOB7-mp869IpyI,3173162120,https://github.com/hackforla/website/issues/5723,SKILLS ISSUE
mugdhchauhan,7698,IC_kwDOB7-mp869Ipyl,3173162149,https://github.com/hackforla/website/issues/7698,SKILLS ISSUE
myronchen-git,8274,IC_kwDOB7-mp86_pt4-,3215384126,https://github.com/hackforla/website/issues/8274,SKILLS ISSUE
NamanhTran,2702,IC_kwDOB7-mp869IpyT,3173162131,https://github.com/hackforla/website/issues/2702,SKILLS ISSUE
nancy-luu,4068,IC_kwDOB7-mp869IpyD,3173162115,https://github.com/hackforla/website/issues/4068,SKILLS ISSUE
nathan944,3066,IC_kwDOB7-mp869IpzI,3173162184,https://github.com/hackforla/website/issues/3066,SKILLS ISSUE
naveenmallemala5,5361,IC_kwDOB7-mp869IpyG,3173162118,https://github.com/hackforla/website/issues/5361,SKILLS ISSUE
naveentata,6947,IC_kwDOB7-mp869Ipya,3173162138,https://github.com/hackforla/website/issues/6947,SKILLS ISSUE
nchanyal,7978,IC_kwDOB7-mp869IpyR,3173162129,https://github.com/hackforla/website/issues/7978,SKILLS ISSUE
ndmoc,5208,IC_kwDOB7-mp869Ipyq,3173162154,https://github.com/hackforla/website/issues/5208,SKILLS ISSUE
neevliberman,3366,IC_kwDOB7-mp869IpyL,3173162123,https://github.com/hackforla/website/issues/3366,SKILLS ISSUE
nehasyed97,3411,IC_kwDOB7-mp869IpyO,3173162126,https://github.com/hackforla/website/issues/3411,SKILLS ISSUE
nelsonuprety1,6035,IC_kwDOB7-mp869I3oF,3173218821,https://github.com/hackforla/website/issues/6035,SKILLS ISSUE
neonPurple,3972,IC_kwDOB7-mp869Ipye,3173162142,https://github.com/hackforla/website/issues/3972,SKILLS ISSUE
neshacascia,4628,IC_kwDOB7-mp869IpyK,3173162122,https://github.com/hackforla/website/issues/4628,SKILLS ISSUE
Nezzer3,8297,IC_kwDOB7-mp87BGmOP,,https://github.com/hackforla/website/issues/8297,SKILLS ISSUE
Nick-McCarthy,4635,IC_kwDOB7-mp869IpzG,3173162182,https://github.com/hackforla/website/issues/4635,SKILLS ISSUE
nicolettedmabeza,3968,IC_kwDOB7-mp869IpyQ,3173162128,https://github.com/hackforla/website/issues/3968,SKILLS ISSUE
njackman-2344,5223,IC_kwDOB7-mp869Ipy7,3173162171,https://github.com/hackforla/website/issues/5223,SKILLS ISSUE
nlee806,5229,IC_kwDOB7-mp869IpyZ,3173162137,https://github.com/hackforla/website/issues/5229,SKILLS ISSUE
nmotamedi,7741,IC_kwDOB7-mp869IpyW,3173162134,https://github.com/hackforla/website/issues/7741,SKILLS ISSUE
nnr-nnr,4063,IC_kwDOB7-mp869Ipyr,3173162155,https://github.com/hackforla/website/issues/4063,SKILLS ISSUE
NolaDodd,7221,IC_kwDOB7-mp869IpzN,3173162189,https://github.com/hackforla/website/issues/7221,SKILLS ISSUE
NomadCode33,8296,IC_kwDOB7-mp87BGmdH,,https://github.com/hackforla/website/issues/8296,SKILLS ISSUE
notSayam,7338,IC_kwDOB7-mp869IpyN,3173162125,https://github.com/hackforla/website/issues/7338,SKILLS ISSUE
NPriyaK,7224,IC_kwDOB7-mp869Ipyk,3173162148,https://github.com/hackforla/website/issues/7224,SKILLS ISSUE
nssensalo,6528,IC_kwDOB7-mp869Ipy2,3173162166,https://github.com/hackforla/website/issues/6528,SKILLS ISSUE
nubilaxl,8191,IC_kwDOB7-mp869Ipyc,3173162140,https://github.com/hackforla/website/issues/8191,SKILLS ISSUE
nung22,4324,IC_kwDOB7-mp869IpyV,3173162133,https://github.com/hackforla/website/issues/4324,SKILLS ISSUE
oiseeurmt,7827,IC_kwDOB7-mp869Ipyb,3173162139,https://github.com/hackforla/website/issues/7827,SKILLS ISSUE
Olanrewaju-Ak,3065,IC_kwDOB7-mp869Ipyh,3173162145,https://github.com/hackforla/website/issues/3065,SKILLS ISSUE
oliviaywangn,3126,IC_kwDOB7-mp869Ipy_,3173162175,https://github.com/hackforla/website/issues/3126,SKILLS ISSUE
oliviazhai,4177,IC_kwDOB7-mp869IpzK,3173162186,https://github.com/hackforla/website/issues/4177,SKILLS ISSUE
olivioso,3251,IC_kwDOB7-mp869Ipyd,3173162141,https://github.com/hackforla/website/issues/3251,SKILLS ISSUE
one2code,4335,IC_kwDOB7-mp869I269,3173215933,https://github.com/hackforla/website/issues/4335,SKILLS ISSUE
ortegaa32,5212,IC_kwDOB7-mp869Ipy5,3173162169,https://github.com/hackforla/website/issues/5212,SKILLS ISSUE
Ovando21,6121,IC_kwDOB7-mp869Ipy-,3173162174,https://github.com/hackforla/website/issues/6121,SKILLS ISSUE
owaisjunedi,7973,IC_kwDOB7-mp869Ipyg,3173162144,https://github.com/hackforla/website/issues/7973,SKILLS ISSUE
palomasoltys,3542,IC_kwDOB7-mp869Ipyf,3173162143,https://github.com/hackforla/website/issues/3542,SKILLS ISSUE
Panipopomango,6527,IC_kwDOB7-mp869Ipym,3173162150,https://github.com/hackforla/website/issues/6527,SKILLS ISSUE
ParigiSaiTeja,7023,IC_kwDOB7-mp869IpzO,3173162190,https://github.com/hackforla/website/issues/7023,SKILLS ISSUE
partapparam,6333,IC_kwDOB7-mp869Ipyz,3173162163,https://github.com/hackforla/website/issues/6333,SKILLS ISSUE
Patdabaker,8186,IC_kwDOB7-mp869Ipyn,3173162151,https://github.com/hackforla/website/issues/8186,SKILLS ISSUE
patelbansi3009,6419,IC_kwDOB7-mp869IpzT,3173162195,https://github.com/hackforla/website/issues/6419,SKILLS ISSUE
patrickohh,3639,IC_kwDOB7-mp869Ipyt,3173162157,https://github.com/hackforla/website/issues/3639,SKILLS ISSUE
pattshreds,2636,IC_kwDOB7-mp869Ipy8,3173162172,https://github.com/hackforla/website/issues/2636,SKILLS ISSUE
paulbmun,5067,IC_kwDOB7-mp869Ipyv,3173162159,https://github.com/hackforla/website/issues/5067,SKILLS ISSUE
Pauljsyi,2716,IC_kwDOB7-mp869Ipyy,3173162162,https://github.com/hackforla/website/issues/2716,SKILLS ISSUE
pdimaano,4327,IC_kwDOB7-mp869IpzQ,3173162192,https://github.com/hackforla/website/issues/4327,SKILLS ISSUE
perlaroyerc,3776,IC_kwDOB7-mp869Qt_C,3175276482,https://github.com/hackforla/website/issues/3776,SKILLS ISSUE
PeterSYoo,3637,IC_kwDOB7-mp869Ipy9,3173162173,https://github.com/hackforla/website/issues/3637,SKILLS ISSUE
Pfulcher26,5772,IC_kwDOB7-mp869Ipyu,3173162158,https://github.com/hackforla/website/issues/5772,SKILLS ISSUE
phunguyen1195,7839,IC_kwDOB7-mp869Ipyx,3173162161,https://github.com/hackforla/website/issues/7839,SKILLS ISSUE
phuonguvan,2993,IC_kwDOB7-mp86_pst7, ,https://github.com/hackforla/website/issues/2993,SKILLS ISSUE
phuongv8,3917,IC_kwDOB7-mp869Ipys,3173162156,https://github.com/hackforla/website/issues/3917,SKILLS ISSUE
piecanoe,5775,IC_kwDOB7-mp869IpzD,3173162179,https://github.com/hackforla/website/issues/5775,SKILLS ISSUE
pjpatel021,2708,IC_kwDOB7-mp869IpyH,3173162119,https://github.com/hackforla/website/issues/2708,SKILLS ISSUE
plang-psm,3511,IC_kwDOB7-mp869IpzS,3173162194,https://github.com/hackforla/website/issues/3511,SKILLS ISSUE
pluto-bell,7200,IC_kwDOB7-mp869IpzJ,3173162185,https://github.com/hackforla/website/issues/7200,SKILLS ISSUE
PMKnight,3004,IC_kwDOB7-mp869IpzE,3173162180,https://github.com/hackforla/website/issues/3004,SKILLS ISSUE
poorvi4,2964,IC_kwDOB7-mp869IpzA,3173162176,https://github.com/hackforla/website/issues/2964,SKILLS ISSUE
PoppaRainmaker,5082,IC_kwDOB7-mp869Ipyw,3173162160,https://github.com/hackforla/website/issues/5082,SKILLS ISSUE
pranjaliseth,6118,IC_kwDOB7-mp869Ipy6,3173162170,https://github.com/hackforla/website/issues/6118,SKILLS ISSUE
praytoo,8190,IC_kwDOB7-mp869Qt-0,3175276468,https://github.com/hackforla/website/issues/8190,SKILLS ISSUE
purna-madala,7018,IC_kwDOB7-mp869Qt-6,3175276474,https://github.com/hackforla/website/issues/7018,SKILLS ISSUE
qngyn,4162,IC_kwDOB7-mp869Ipy4,3173162168,https://github.com/hackforla/website/issues/4162,SKILLS ISSUE
quyson,6335,IC_kwDOB7-mp869Qt-w,3175276464,https://github.com/hackforla/website/issues/6335,SKILLS ISSUE
rachelcorawood,7278,IC_kwDOB7-mp869Qt-9,3175276477,https://github.com/hackforla/website/issues/7278,SKILLS ISSUE
rafaelferreiranvr,7979,IC_kwDOB7-mp869Qt-i,3175276450,https://github.com/hackforla/website/issues/7979,SKILLS ISSUE
rafaelirangel,5227,IC_kwDOB7-mp869Ipy0,3173162164,https://github.com/hackforla/website/issues/5227,SKILLS ISSUE
Rajwinder35,7220,IC_kwDOB7-mp869Qt-l,3175276453,https://github.com/hackforla/website/issues/7220,SKILLS ISSUE
RamchandraReddy07,7976,IC_kwDOB7-mp869IpzU,3173162196,https://github.com/hackforla/website/issues/7976,SKILLS ISSUE
ramitaarora,6248,IC_kwDOB7-mp869Qt_M,3175276492,https://github.com/hackforla/website/issues/6248,SKILLS ISSUE
rankdjr,4978,IC_kwDOB7-mp869IpzH,3173162183,https://github.com/hackforla/website/issues/4978,SKILLS ISSUE
raswani2023,3273,IC_kwDOB7-mp869Qt-4,3175276472,https://github.com/hackforla/website/issues/3273,SKILLS ISSUE
raviteja4117,4999,IC_kwDOB7-mp869Qt_H,3175276487,https://github.com/hackforla/website/issues/4999,SKILLS ISSUE
rdhmdhl,4623,IC_kwDOB7-mp869IpzL,3173162187,https://github.com/hackforla/website/issues/4623,SKILLS ISSUE
rdpfeifle,3789,IC_kwDOB7-mp869IpzR,3173162193,https://github.com/hackforla/website/issues/3789,SKILLS ISSUE
regular-polygon,6605,IC_kwDOB7-mp869Qt-y,3175276466,https://github.com/hackforla/website/issues/6605,SKILLS ISSUE
revforyou,8293,IC_kwDOB7-mp87BGmzG,,https://github.com/hackforla/website/issues/8293,SKILLS ISSUE
rhiannab,2703,IC_kwDOB7-mp869IpzF,3173162181,https://github.com/hackforla/website/issues/2703,SKILLS ISSUE
rhoneriver,7842,IC_kwDOB7-mp869IpzM,3173162188,https://github.com/hackforla/website/issues/7842,SKILLS ISSUE
richardmundyiii,4170,IC_kwDOB7-mp869Qt-u,3175276462,https://github.com/hackforla/website/issues/4170,SKILLS ISSUE
Richey24,3121,IC_kwDOB7-mp869Qt_I,3175276488,https://github.com/hackforla/website/issues/3121,SKILLS ISSUE
riddle015,2701,IC_kwDOB7-mp869Qt-2,3175276470,https://github.com/hackforla/website/issues/2701,SKILLS ISSUE
Ris345,4997,IC_kwDOB7-mp869Qt-z,3175276467,https://github.com/hackforla/website/issues/4997,SKILLS ISSUE
rleeoriginal,8095,IC_kwDOB7-mp869IpzV,3173162197,https://github.com/hackforla/website/issues/8095,SKILLS ISSUE
RobenusW,3190,IC_kwDOB7-mp869Qt_B,3175276481,https://github.com/hackforla/website/issues/3190,SKILLS ISSUE
robert-f-ruff,6952,IC_kwDOB7-mp869Qt-g,3175276448,https://github.com/hackforla/website/issues/6952,SKILLS ISSUE
robert-g-rodriguez,5214,IC_kwDOB7-mp869Qt_G,3175276486,https://github.com/hackforla/website/issues/5214,SKILLS ISSUE
robert-loo,4164,IC_kwDOB7-mp869Qt-r,3175276459,https://github.com/hackforla/website/issues/4164,SKILLS ISSUE
robertnjenga,5485,IC_kwDOB7-mp869Qt_T,3175276499,https://github.com/hackforla/website/issues/5485,SKILLS ISSUE
RodgerLugo,7949,IC_kwDOB7-mp869Qt_b,3175276507,https://github.com/hackforla/website/issues/7949,SKILLS ISSUE
rogerioduenas,7884,IC_kwDOB7-mp869Qt-8,3175276476,https://github.com/hackforla/website/issues/7884,SKILLS ISSUE
rolzar,3571,IC_kwDOB7-mp869Qt-o,3175276456,https://github.com/hackforla/website/issues/3571,SKILLS ISSUE
romainyvernes,5608,IC_kwDOB7-mp869Qt-5,3175276473,https://github.com/hackforla/website/issues/5608,SKILLS ISSUE
ronaldpaek,4074,IC_kwDOB7-mp869Qt_D,3175276483,https://github.com/hackforla/website/issues/4074,SKILLS ISSUE
roslynwythe,3640,IC_kwDOB7-mp869IoIO,3173153842,https://github.com/hackforla/website/issues/3640,SKILLS ISSUE
roychan1,5781,IC_kwDOB7-mp869Qt-p,3175276457,https://github.com/hackforla/website/issues/5781,SKILLS ISSUE
RuchiUp,7974,IC_kwDOB7-mp869Qt-s,3175276460,https://github.com/hackforla/website/issues/7974,SKILLS ISSUE
Ruizmichael,6529,IC_kwDOB7-mp869Qt_J,3175276489,https://github.com/hackforla/website/issues/6529,SKILLS ISSUE
RyanCahela,2999,IC_kwDOB7-mp869Qt-n,3175276455,https://github.com/hackforla/website/issues/2999,SKILLS ISSUE
ryanfkeller,8136,IC_kwDOB7-mp869Qt-3,3175276471,https://github.com/hackforla/website/issues/8136,SKILLS ISSUE
RyanGehris,3913,IC_kwDOB7-mp869Qt_A,3175276480,https://github.com/hackforla/website/issues/3913,SKILLS ISSUE
ryantpham,2749,IC_kwDOB7-mp869Qt-m,3175276454,https://github.com/hackforla/website/issues/2749,SKILLS ISSUE
sacamp,3250,IC_kwDOB7-mp869IEGx,3173007793,https://github.com/hackforla/website/issues/3250,SKILLS ISSUE
Sah11-0,7887,IC_kwDOB7-mp869IEF1,3173007733,https://github.com/hackforla/website/issues/7887,SKILLS ISSUE
sahithm06,7033,IC_kwDOB7-mp869IEFe,3173007710,https://github.com/hackforla/website/issues/7033,SKILLS ISSUE
sainarasimhav37,6951,IC_kwDOB7-mp869IEGe,3173007774,https://github.com/hackforla/website/issues/6951,SKILLS ISSUE
saiteja-siddana,7218,IC_kwDOB7-mp869IEFZ,3173007705,https://github.com/hackforla/website/issues/7218,SKILLS ISSUE
SakethMylavarapu2602,7032,IC_kwDOB7-mp869IEFa,3173007706,https://github.com/hackforla/website/issues/7032,SKILLS ISSUE
sakibian,5483,IC_kwDOB7-mp869IEFm,3173007718,https://github.com/hackforla/website/issues/5483,SKILLS ISSUE
samuelkhong,6083,IC_kwDOB7-mp869IEFi,3173007714,https://github.com/hackforla/website/issues/6083,SKILLS ISSUE
samuelusc,6122,IC_kwDOB7-mp869IEGt,3173007789,https://github.com/hackforla/website/issues/6122,SKILLS ISSUE
sandarshp,3253,IC_kwDOB7-mp869IEFb,3173007707,https://github.com/hackforla/website/issues/3253,SKILLS ISSUE
sandavid11,8096,IC_kwDOB7-mp869IEF2,3173007734,https://github.com/hackforla/website/issues/8096,SKILLS ISSUE
santi-jose,8189,IC_kwDOB7-mp869IEFy,3173007730,https://github.com/hackforla/website/issues/8189,SKILLS ISSUE
santiseccovidal,6426,IC_kwDOB7-mp869IEGp,3173007785,https://github.com/hackforla/website/issues/6426,SKILLS ISSUE
sarahgraup,8129,IC_kwDOB7-mp869IEFl,3173007717,https://github.com/hackforla/website/issues/8129,SKILLS ISSUE
Saranjen,5079,IC_kwDOB7-mp869IEFj,3173007715,https://github.com/hackforla/website/issues/5079,SKILLS ISSUE
Satenik-Ba,3707,IC_kwDOB7-mp869IEGI,3173007752,https://github.com/hackforla/website/issues/3707,SKILLS ISSUE
sayeedkhannabil,5481,IC_kwDOB7-mp869IEFq,3173007722,https://github.com/hackforla/website/issues/5481,SKILLS ISSUE
scarter31191,2937,IC_kwDOB7-mp869IEF0,3173007732,https://github.com/hackforla/website/issues/2937,SKILLS ISSUE
Scienstein2497,8271,IC_kwDOB7-mp86_ptcE,3215382276,https://github.com/hackforla/website/issues/8271,SKILLS ISSUE
scorbz9,3148,IC_kwDOB7-mp869IEFz,3173007731,https://github.com/hackforla/website/issues/3148,SKILLS ISSUE
se7en-illa,4314,IC_kwDOB7-mp869IzKr,3173200555,https://github.com/hackforla/website/issues/4314,SKILLS ISSUE
seantokuzo,3242,IC_kwDOB7-mp869IEF_,3173007743,https://github.com/hackforla/website/issues/3242,SKILLS ISSUE
Sebster3,4166,IC_kwDOB7-mp869IEF9,3173007741,https://github.com/hackforla/website/issues/4166,SKILLS ISSUE
segbuniwe,5358,IC_kwDOB7-mp869IEGT,3173007763,https://github.com/hackforla/website/issues/5358,SKILLS ISSUE
SeyiAkinwale,4624,IC_kwDOB7-mp869IEFn,3173007719,https://github.com/hackforla/website/issues/4624,SKILLS ISSUE
ShamaaTabassum,6728,IC_kwDOB7-mp869IEFd,3173007709,https://github.com/hackforla/website/issues/6728,SKILLS ISSUE
shantanushende,2560,IC_kwDOB7-mp869IEFf,3173007711,https://github.com/hackforla/website/issues/2560,SKILLS ISSUE
ShatteredArrow,5064,IC_kwDOB7-mp869IEFo,3173007720,https://github.com/hackforla/website/issues/5064,SKILLS ISSUE
ShattsIllia,5228,IC_kwDOB7-mp869IEGn,3173007783,https://github.com/hackforla/website/issues/5228,SKILLS ISSUE
shavinski,5220,IC_kwDOB7-mp869IEGA,3173007744,https://github.com/hackforla/website/issues/5220,SKILLS ISSUE
sheehanrobb,5356,IC_kwDOB7-mp869IEGj,3173007779,https://github.com/hackforla/website/issues/5356,SKILLS ISSUE
sherririllingux,2950,IC_kwDOB7-mp869IEF6,3173007738,https://github.com/hackforla/website/issues/2950,SKILLS ISSUE
Shikha0428,5909,IC_kwDOB7-mp869IEFt,3173007725,https://github.com/hackforla/website/issues/5909,SKILLS ISSUE
shi-kuang,6344,IC_kwDOB7-mp869IEFu,3173007726,https://github.com/hackforla/website/issues/6344,SKILLS ISSUE
shimahoush,3412,IC_kwDOB7-mp869IEGd,3173007773,https://github.com/hackforla/website/issues/3412,SKILLS ISSUE
ShivaniDesai1012,7977,IC_kwDOB7-mp869IEFk,3173007716,https://github.com/hackforla/website/issues/7977,SKILLS ISSUE
siddhanthiyer-99,4968,IC_kwDOB7-mp869IEF8,3173007740,https://github.com/hackforla/website/issues/4968,SKILLS ISSUE
siddharthpvaghela,7066,IC_kwDOB7-mp869IEFp,3173007721,https://github.com/hackforla/website/issues/7066,SKILLS ISSUE
sijiapitts,3071,IC_kwDOB7-mp869IEF5,3173007737,https://github.com/hackforla/website/issues/3071,SKILLS ISSUE
sisi-in-tech,4982,IC_kwDOB7-mp869IEGD,3173007747,https://github.com/hackforla/website/issues/4982,SKILLS ISSUE
Six5pAdes,7925,IC_kwDOB7-mp869IEF4,3173007736,https://github.com/hackforla/website/issues/7925,SKILLS ISSUE
siyunfeng,7575,IC_kwDOB7-mp869IEGr,3173007787,https://github.com/hackforla/website/issues/7575,SKILLS ISSUE
Sk-223,7633,IC_kwDOB7-mp869IEGU,3173007764,https://github.com/hackforla/website/issues/7633,SKILLS ISSUE
skarakaya1,2975,IC_kwDOB7-mp869IEFv,3173007727,https://github.com/hackforla/website/issues/2975,SKILLS ISSUE
Skydodle,3609,IC_kwDOB7-mp869IEGS,3173007762,https://github.com/hackforla/website/issues/3609,SKILLS ISSUE
sleepyyuu,5607,IC_kwDOB7-mp869IEFx,3173007729,https://github.com/hackforla/website/issues/5607,SKILLS ISSUE
smendoza07,6714,IC_kwDOB7-mp869IEGY,3173007768,https://github.com/hackforla/website/issues/6714,SKILLS ISSUE
snigbehara,3167,IC_kwDOB7-mp869IEF3,3173007735,https://github.com/hackforla/website/issues/3167,SKILLS ISSUE
soleilherring,4610,IC_kwDOB7-mp869IEGC,3173007746,https://github.com/hackforla/website/issues/4610,SKILLS ISSUE
sonalinajera,3570,IC_kwDOB7-mp869IEGO,3173007758,https://github.com/hackforla/website/issues/3570,SKILLS ISSUE
sonjand,7825,IC_kwDOB7-mp869IEGV,3173007765,https://github.com/hackforla/website/issues/7825,SKILLS ISSUE
sophia-bui,5350,IC_kwDOB7-mp869IEFs,3173007724,https://github.com/hackforla/website/issues/5350,SKILLS ISSUE
sornekian,5773,IC_kwDOB7-mp869IEF-,3173007742,https://github.com/hackforla/website/issues/5773,SKILLS ISSUE
Sparky-code,2783,IC_kwDOB7-mp869Iyne,3173198302,https://github.com/hackforla/website/issues/2783,SKILLS ISSUE
srandolph2,3971,IC_kwDOB7-mp869IEGP,3173007759,https://github.com/hackforla/website/issues/3971,SKILLS ISSUE
srinipandiyan,7572,IC_kwDOB7-mp869IEGi,3173007778,https://github.com/hackforla/website/issues/7572,SKILLS ISSUE
srivikas777,7024,IC_kwDOB7-mp869IEGJ,3173007753,https://github.com/hackforla/website/issues/7024,SKILLS ISSUE
SteeRevo,6245,IC_kwDOB7-mp869IEGq,3173007786,https://github.com/hackforla/website/issues/6245,SKILLS ISSUE
Stephen-Parent,2531,IC_kwDOB7-mp869IEF7,3173007739,https://github.com/hackforla/website/issues/2531,SKILLS ISSUE
StephenTheDev1001,4328,IC_kwDOB7-mp869IEGv,3173007791,https://github.com/hackforla/website/issues/4328,SKILLS ISSUE
StevenDeng1,7740,IC_kwDOB7-mp869IEGF,3173007749,https://github.com/hackforla/website/issues/7740,SKILLS ISSUE
steven-positive-tran,3826,IC_kwDOB7-mp869IEGg,3173007776,https://github.com/hackforla/website/issues/3826,SKILLS ISSUE
str-xjua24,3605,IC_kwDOB7-mp869IEGQ,3173007760,https://github.com/hackforla/website/issues/3605,SKILLS ISSUE
Sujay-Anantha,7518,IC_kwDOB7-mp869IEGN,3173007757,https://github.com/hackforla/website/issues/7518,SKILLS ISSUE
Suman2795,3553,IC_kwDOB7-mp869IEGo,3173007784,https://github.com/hackforla/website/issues/3553,SKILLS ISSUE
sumerjoshi,8102,IC_kwDOB7-mp869IEGu,3173007790,https://github.com/hackforla/website/issues/8102,SKILLS ISSUE
summerharveyux,2562,IC_kwDOB7-mp869IEGX,3173007767,https://github.com/hackforla/website/issues/2562,SKILLS ISSUE
Swaroopa-Shigli,5347,IC_kwDOB7-mp869IEGc,3173007772,https://github.com/hackforla/website/issues/5347,SKILLS ISSUE
sydneywalcoff,2519,IC_kwDOB7-mp869IEGf,3173007775,https://github.com/hackforla/website/issues/2519,SKILLS ISSUE
SZwerling,3690,IC_kwDOB7-mp869IEGK,3173007754,https://github.com/hackforla/website/issues/3690,SKILLS ISSUE
Tak149,4998,IC_kwDOB7-mp869IEGM,3173007756,https://github.com/hackforla/website/issues/4998,SKILLS ISSUE
tamalatrinh,2654,IC_kwDOB7-mp869IEGs,3173007788,https://github.com/hackforla/website/issues/2654,SKILLS ISSUE
tamara-snyder,7329,IC_kwDOB7-mp869Ix-Y,3173195672,https://github.com/hackforla/website/issues/7329,SKILLS ISSUE
Tarrantul99,6478,IC_kwDOB7-mp869IEGW,3173007766,https://github.com/hackforla/website/issues/6478,SKILLS ISSUE
taylorbeee,6523,IC_kwDOB7-mp869IEGG,3173007750,https://github.com/hackforla/website/issues/6523,SKILLS ISSUE
tejasn14,6880,IC_kwDOB7-mp869IEGZ,3173007769,https://github.com/hackforla/website/issues/6880,SKILLS ISSUE
terrencejihoonjung,6878,IC_kwDOB7-mp869IEGm,3173007782,https://github.com/hackforla/website/issues/6878,SKILLS ISSUE
tesiahwang,4967,IC_kwDOB7-mp869IEGb,3173007771,https://github.com/hackforla/website/issues/4967,SKILLS ISSUE
thecrit,2773,IC_kwDOB7-mp869IEGL,,https://github.com/hackforla/website/issues/2773,SKILLS ISSUE
thedvo,4323,IC_kwDOB7-mp869IEGk,3173007780,https://github.com/hackforla/website/issues/4323,SKILLS ISSUE
TheManTheMythTheGameDev,6946,IC_kwDOB7-mp869IC_B,3173003201,https://github.com/hackforla/website/issues/6946,SKILLS ISSUE
theMorganObject,5209,IC_kwDOB7-mp869IC-7,3173003195,https://github.com/hackforla/website/issues/5209,SKILLS ISSUE
theogguu,7516,IC_kwDOB7-mp869IC_c,3173003228,https://github.com/hackforla/website/issues/7516,SKILLS ISSUE
thinhmai1027,4334,IC_kwDOB7-mp869IC-8,3173003196,https://github.com/hackforla/website/issues/4334,SKILLS ISSUE
Thinking-Panda,3916,IC_kwDOB7-mp869IDAC,3173003266,https://github.com/hackforla/website/issues/3916,SKILLS ISSUE
thisisdientran,6116,IC_kwDOB7-mp869IC_T,3173003219,https://github.com/hackforla/website/issues/6116,SKILLS ISSUE
this-journey,4976,IC_kwDOB7-mp869IC-6,3173003194,https://github.com/hackforla/website/issues/4976,SKILLS ISSUE
thomasnguyens,7625,IC_kwDOB7-mp869IC_D,3173003203,https://github.com/hackforla/website/issues/7625,SKILLS ISSUE
tiffchannn,5071,IC_kwDOB7-mp869IC_V,3173003221,https://github.com/hackforla/website/issues/5071,SKILLS ISSUE
TJameel120,4637,IC_kwDOB7-mp869IC_U,3173003220,https://github.com/hackforla/website/issues/4637,SKILLS ISSUE
tkozek,5225,IC_kwDOB7-mp869IC_I,3173003208,https://github.com/hackforla/website/issues/5225,SKILLS ISSUE
tkubota31,4964,IC_kwDOB7-mp869IC-9,3173003197,https://github.com/hackforla/website/issues/4964,SKILLS ISSUE
Tomomi-K1,4971,IC_kwDOB7-mp869IC_N,3173003213,https://github.com/hackforla/website/issues/4971,SKILLS ISSUE
tony1ee,6606,IC_kwDOB7-mp869IC_7,3173003259,https://github.com/hackforla/website/issues/6606,SKILLS ISSUE
Tony-Hsieh,4621,IC_kwDOB7-mp869IC_M,3173003212,https://github.com/hackforla/website/issues/4621,SKILLS ISSUE
tonyvang,5486,IC_kwDOB7-mp869IC-_,3173003199,https://github.com/hackforla/website/issues/5486,SKILLS ISSUE
trca831,8029,IC_kwDOB7-mp869IC_R,3173003217,https://github.com/hackforla/website/issues/8029,SKILLS ISSUE
trimakichan,7627,IC_kwDOB7-mp869IC_C,3173003202,https://github.com/hackforla/website/issues/7627,SKILLS ISSUE
trishajjohnson,3049,IC_kwDOB7-mp869IC_P,3173003215,https://github.com/hackforla/website/issues/3049,SKILLS ISSUE
troyfreed,6943,IC_kwDOB7-mp869IC_G,3173003206,https://github.com/hackforla/website/issues/6943,SKILLS ISSUE
trz832,3244,IC_kwDOB7-mp869IC_S,3173003218,https://github.com/hackforla/website/issues/3244,SKILLS ISSUE
tunglinn,3271,IC_kwDOB7-mp869IC_p,3173003241,https://github.com/hackforla/website/issues/3271,SKILLS ISSUE
t-will-gillis,3613,IC_kwDOB7-mp87BJfKt, ,https://github.com/hackforla/website/issues/3613,SKILLS ISSUE
typingtrex,5872,IC_kwDOB7-mp869IC_W,3173003222,https://github.com/hackforla/website/issues/5872,SKILLS ISSUE
Unity7,3510,IC_kwDOB7-mp869IC__,3173003263,https://github.com/hackforla/website/issues/3510,SKILLS ISSUE
urvishp13,6611,IC_kwDOB7-mp869IC_a,3173003226,https://github.com/hackforla/website/issues/6611,SKILLS ISSUE
usaboo,2748,IC_kwDOB7-mp869IC_o,3173003240,https://github.com/hackforla/website/issues/2748,SKILLS ISSUE
vaisali89,3239,IC_kwDOB7-mp869IC_J,3173003209,https://github.com/hackforla/website/issues/3239,SKILLS ISSUE
valdezg,7886,IC_kwDOB7-mp869IC_O,3173003214,https://github.com/hackforla/website/issues/7886,SKILLS ISSUE
vanessasinam,6531,IC_kwDOB7-mp869IC_n,3173003239,https://github.com/hackforla/website/issues/6531,SKILLS ISSUE
vanessavun,3914,IC_kwDOB7-mp869IC_g,3173003232,https://github.com/hackforla/website/issues/3914,SKILLS ISSUE
vanyanv,4630,IC_kwDOB7-mp869IC_H,3173003207,https://github.com/hackforla/website/issues/4630,SKILLS ISSUE
varyad,7970,IC_kwDOB7-mp869IC_A,3173003200,https://github.com/hackforla/website/issues/7970,SKILLS ISSUE
vincendp,6337,IC_kwDOB7-mp869IC_i,3173003234,https://github.com/hackforla/website/issues/6337,SKILLS ISSUE
vincentdang,3830,IC_kwDOB7-mp869IC_2,3173003254,https://github.com/hackforla/website/issues/3830,SKILLS ISSUE
Vinny02,5076,IC_kwDOB7-mp869IC_Z,3173003225,https://github.com/hackforla/website/issues/5076,SKILLS ISSUE
vivvvnguyen,5870,IC_kwDOB7-mp869IC_E,3173003204,https://github.com/hackforla/website/issues/5870,SKILLS ISSUE
vmaineng,3683,IC_kwDOB7-mp869IC_9,3173003261,https://github.com/hackforla/website/issues/3683,SKILLS ISSUE
vorleakyek,7339,IC_kwDOB7-mp869IC_f,3173003231,https://github.com/hackforla/website/issues/7339,SKILLS ISSUE
vraer,4071,IC_kwDOB7-mp869IC_Y,3173003224,https://github.com/hackforla/website/issues/4071,SKILLS ISSUE
vzpeopledesign,3409,IC_kwDOB7-mp869IC_q,3173003242,https://github.com/hackforla/website/issues/3409,SKILLS ISSUE
wassimchakib,5224,IC_kwDOB7-mp869IC_X,3173003223,https://github.com/hackforla/website/issues/5224,SKILLS ISSUE
WayneTsai45,4970,IC_kwDOB7-mp869IC_4,3173003256,https://github.com/hackforla/website/issues/4970,SKILLS ISSUE
wendybarrios,3688,IC_kwDOB7-mp869IC_r,3173003243,https://github.com/hackforla/website/issues/3688,SKILLS ISSUE
whitneywind,4717,IC_kwDOB7-mp869IC_t,3173003245,https://github.com/hackforla/website/issues/4717,SKILLS ISSUE
williamzhang73,6957,IC_kwDOB7-mp869IC_d,3173003229,https://github.com/hackforla/website/issues/6957,SKILLS ISSUE
wiltsai,2637,IC_kwDOB7-mp869IC_F,3173003205,https://github.com/hackforla/website/issues/2637,SKILLS ISSUE
wKategianes,4330,IC_kwDOB7-mp869IC_u,3173003246,https://github.com/hackforla/website/issues/4330,SKILLS ISSUE
Wny-Duong,3053,IC_kwDOB7-mp869IC_e,3173003230,https://github.com/hackforla/website/issues/3053,SKILLS ISSUE
wongstephen,5085,IC_kwDOB7-mp869IC_l,3173003237,https://github.com/hackforla/website/issues/5085,SKILLS ISSUE
xewar,4311,IC_kwDOB7-mp869IC_h,3173003233,https://github.com/hackforla/website/issues/4311,SKILLS ISSUE
xnealcarson,7972,IC_kwDOB7-mp869IDAA,3173003264,https://github.com/hackforla/website/issues/7972,SKILLS ISSUE
ychang49265,3711,IC_kwDOB7-mp869IC_m,3173003238,https://github.com/hackforla/website/issues/3711,SKILLS ISSUE
yeskatr,4065,IC_kwDOB7-mp869IC_j,3173003235,https://github.com/hackforla/website/issues/4065,SKILLS ISSUE
yffu,5080,IC_kwDOB7-mp869IC_1,3173003253,https://github.com/hackforla/website/issues/5080,SKILLS ISSUE
ykim25,4649,IC_kwDOB7-mp869IC_0,3173003252,https://github.com/hackforla/website/issues/4649,SKILLS ISSUE
YolandaHaynes,5482,IC_kwDOB7-mp869IC_x,3173003249,https://github.com/hackforla/website/issues/5482,SKILLS ISSUE
youngspark1998,4991,IC_kwDOB7-mp869IC_6,3173003258,https://github.com/hackforla/website/issues/4991,SKILLS ISSUE
yujioshiro,4975,IC_kwDOB7-mp869IC_s,3173003244,https://github.com/hackforla/website/issues/4975,SKILLS ISSUE
zachmyu,6332,IC_kwDOB7-mp869IC_v,3173003247,https://github.com/hackforla/website/issues/6332,SKILLS ISSUE
Zak234,3269,IC_kwDOB7-mp869IDAE,3173003268,https://github.com/hackforla/website/issues/3269,SKILLS ISSUE
Zanderfeldt,6346,IC_kwDOB7-mp869IDAD,3173003267,https://github.com/hackforla/website/issues/6346,SKILLS ISSUE
ziniwang,4638,IC_kwDOB7-mp869IC_-,3173003262,https://github.com/hackforla/website/issues/4638,SKILLS ISSUE
zip-dazie,5721,IC_kwDOB7-mp869IC_z,3173003251,https://github.com/hackforla/website/issues/5721,SKILLS ISSUE
zkamenov,6348,IC_kwDOB7-mp869IC_8,3173003260,https://github.com/hackforla/website/issues/6348,SKILLS ISSUE
zvidmarb,8192,IC_kwDOB7-mp869IC_y,3173003250,https://github.com/hackforla/website/issues/8192,SKILLS ISSUE
zzhoje,2563,IC_kwDOB7-mp869IC_w,3173003248,https://github.com/hackforla/website/issues/2563,SKILLS ISSUE
